id,timestamp,acc_x,acc_y,acc_z,gyro_x,gyro_y,gyro_z
1,1747486198280,-0.0971347875,0.43381175,0.8042906750000001,-0.3560646275,0.95474327,-0.0122505405
2,1747486198290,2.9971449000000003,-0.32361991,-2.0209162,-4.005128,-1.5009576,-3.99953535
3,1747486198300,3.0175238,-0.34192422,-2.1806517,-4.1097903,-1.8764633,-4.1742387
4,1747486198310,3.1787237,-0.60440777,-2.41519045,-5.204882,-2.047971,-4.415521
5,1747486198320,3.2917221000000003,-0.69983414,-2.2887688500000003,-6.4621605,-1.51959975,-4.50393825
6,1747486198330,3.3667696,-0.73729694,-2.165276,-6.917295,-1.2852416,-4.555071
7,1747486198340,3.5171092,-0.8222289,-1.7962613,-7.406251,-0.7254451,-4.764395
8,1747486198350,3.71174465,-0.8732368699999999,-1.11900253,-7.79320835,-0.030093715,-5.46374155
9,1747486198360,3.94103645,-0.81149035,-0.58317481,-7.6456692,0.247141355,-6.0578927
10,1747486198370,4.2904043,-0.68226202,-0.23222048,-7.2395372,0.2186455299999999,-6.554306
11,1747486198380,4.5123744,-0.58427304,-0.0319715,-6.9897327,0.18109496,-6.834737
12,1747486198390,4.8879786,-0.43246946,0.1632743,-6.2531023,0.15819177,-7.5649757
13,1747486198400,4.7561877,-0.627227115,0.058817793,-5.697300800000001,0.180562325,-8.942362
14,1747486198410,4.54459,-0.7636551,0.10396838,-5.640043,0.28229508,-9.524529
15,1747486198420,4.130546949999999,-1.01796283,0.709352415,-5.4882426,0.6034723,-9.782856
16,1747486198430,3.9939969,-1.065554,0.9615856,-4.934838,0.8990832,-9.873404
17,1747486198440,3.7269983,-1.0182068,1.3938109,-3.9313586,1.0482203,-9.805759
18,1747486198450,3.5776353,-0.94303715,1.5195004,-2.898052,0.8213189,-9.717342
19,1747486198460,3.6906335,-0.6191732,1.364036,-1.3496901,0.014913702,-9.828663
20,1747486198470,3.7506716,-0.54937285,1.1992973,-0.9938917,-0.2775014,-9.954364
21,1747486198480,3.7694643,-0.5776835,1.11705,-0.89855057,-0.42983422,-10.088055
22,1747486198490,3.7240694,-0.716064,1.1028948,-0.9890981,-0.44208476,-10.163688
23,1747486198500,3.2203354,-0.94865055,1.48313585,-1.0226538,-0.26844665,-10.136524
24,1747486198510,2.8681609,-1.0717774,1.7069364,-0.395479445,0.298540365,-9.708554
25,1747486198520,2.7086694,-1.1150975,1.7404942499999998,-0.00452737,0.437823685,-9.453423
26,1747486198530,2.647777,-1.1314493,1.735491,0.20240025,0.49641323,-9.32639
27,1747486198540,2.4784014,-1.1565872,1.6417731,0.5970807,0.6002765,-9.076586
28,1747486198550,2.2909653,-1.1690342,1.5409775,0.9464875,0.71106404,-8.801747
29,1747486198560,1.8985213,-1.1431642,1.4145558,1.7305222,0.6535397,-8.208928
30,1747486198570,1.79992215,-1.1530485,1.3573244,1.9885825,0.5158542899999999,-7.9980055
31,1747486198580,1.701323,-1.1629328,1.300093,2.6551716,0.33768883,-7.498929
32,1747486198590,1.6683753,-1.1651293,1.177088,3.0003173,0.44368264,-7.2517877
33,1747486198600,1.360009,-1.15121805,0.680675655,3.3598441,0.840227325,-6.5854646500000005
34,1747486198610,1.1901451,-1.125348,0.499463155,3.30178715,0.940095905,-6.22700325
35,1747486198620,1.1197346,-1.1153417,0.43368974,3.2522523,0.97738016,-6.0357885
36,1747486198630,0.9835507,-1.1065556,0.35534734,3.1345406,0.9443569,-5.628325
37,1747486198640,0.69263446,-1.0933765,0.20842488,2.8565066,0.2545982,-4.531635
38,1747486198650,0.6321083,-1.0555476,0.0924977,2.6716833,-0.33768883,-4.094344
39,1747486198660,0.5544981,-1.0008788,-0.012935034,2.4192157,-0.82877576,-3.7491982
40,1747486198670,0.5383903,-1.0421244,-0.055400997,2.0969732,-1.0748519,-3.4210968
41,1747486198680,0.65090066,-1.1773322,-0.0656514,1.7433053,-0.93796533,-3.180347
42,1747486198690,0.6057501,-1.3213259,-0.19597797,0.81173153,0.202932885,-3.0389332
43,1747486198700,0.7482795,-1.3830724,-0.23185438,0.28868666,0.8426242,-3.0216227
44,1747486198710,0.750354,-1.4211453500000002,-0.252233165,0.0759000899999999,1.25860995,-3.08553855
45,1747486198720,0.65895456,-1.6986383,-0.31190515,-0.50387007,2.5278726,-3.1377366
46,1747486198730,0.057109397,-2.080344,-0.34851375,-0.9502159,3.4711642,-2.4772725
47,1747486198740,-0.14521407,-2.156978,-0.23893206,-0.8245147,3.180347,-2.062352
48,1747486198750,-0.42417151,-2.2001761,0.0186703799999999,0.1049285599999999,2.04663925,-1.66021465
49,1747486198760,-0.52960426,-2.204081,0.09030118,0.5203817,1.6026903,-1.5488945
50,1747486198770,-0.6574902,-2.148924,0.15546446,1.4732608,0.7701862,-1.4679344
51,1747486198780,-0.8849516,-2.1035295,-0.43442193,2.6770096,-0.10226539,-1.7065537
52,1747486198790,-1.1580516,-2.085225,-0.8053889,2.6338663,-0.11504856,-1.7017599
53,1747486198800,-1.4872849,-2.0864456,-1.1819692,2.2130868,-0.027696876,-1.4322481
54,1747486198810,-1.6634941,-2.050325,-1.3950312,1.3406353,0.19068234,-0.97738016
55,1747486198820,-1.8210331,-2.1311079,-1.3698933,0.0873516799999999,0.86419575,-0.6285060499999999
56,1747486198830,-1.9678336,-2.157222,-1.3198615,-0.45699844,1.2074772,-0.5022722
57,1747486198840,-2.263875,-2.2194567,-1.3535415,-0.80800307,1.2319783,-0.2727077
58,1747486198850,-2.6160498,-2.1533172,-1.2981404,-0.99282646,0.8990832,0.06498113
59,1747486198860,-2.8272811,-1.98760215,-0.993313035,-0.793888325,-0.0751011499999999,0.7366304
60,1747486198870,-2.84131445,-1.82774465,-0.7674380350000001,-0.1107875,-1.10521187,1.56221035
61,1747486198880,-2.8156884,-1.756724,-0.7004443,0.4346279,-1.7619474,2.1513016
62,1747486198890,-2.724411,-1.6061407,-0.7829357,0.8996158,-2.0271983,2.6855316
63,1747486198900,-2.5291653,-1.5224291,-1.0513986,1.0626013,-2.038916,3.1579764
64,1747486198910,-1.7699033,-1.3868554,-1.7514767999999998,0.08388957,-1.13690348,3.386742
65,1747486198920,-1.30363185,-1.3662325000000002,-2.1746721,-0.6940198,-0.56459016,3.3055155
66,1747486198930,-1.2493291,-1.424074,-2.2109146,-1.6751283,-0.3206446,3.125486
67,1747486198940,-1.1048472,-1.5299948,-2.0759509,-2.4037693,-0.30519825,2.966229
68,1747486198950,-1.2516476,-1.6554403,-1.23383148,-2.7015107,-0.75580513,2.7680898
69,1747486198960,-1.4809394,-1.6874118,-0.70874226,-1.3486248,-3.3055155,3.163303
70,1747486198970,-1.4809394,-1.6874118,-0.70874226,-1.3486248,-3.3055155,3.163303
71,1747486198980,-1.1443844,-1.6766733,-0.39756927,0.7621967,-4.2418833,4.2978096
72,1747486198990,-0.86933196,-1.6432374,-0.75486904,1.2048141,-4.004862,4.8528123
73,1747486199000,-0.55010504,-1.6432374,-1.108508,1.1089402,-3.60592,5.417935
74,1747486199010,0.198784625,-1.581613,-1.33584735,-0.0133158,-2.6980486,6.4049025
75,1747486199020,0.53180075,-1.5419537,-1.2964321,-0.6562029,-2.3025692,6.872021
76,1747486199030,0.8117344,-1.445551,-1.0243083,-1.0849719,-2.1576931,7.3332806
77,1747486199040,0.9737884,-1.4018648,-0.8836092849999999,-1.19575935,-2.12972995,7.4991956
78,1747486199050,1.91243265,-1.3347491,-0.315199925,-1.282312,-2.10043515,7.96311815
79,1747486199060,2.425319,-1.39149235,-0.0485673899999999,-1.08230865,-2.2556975,7.7913445
80,1747486199070,2.6435061,-1.51901225,0.183409015,-0.9321064,-2.3792682,7.613978
81,1747486199080,2.7424712,-1.59467,0.298482,-0.6583334,-2.4714136,7.5836177
82,1747486199090,3.0416856,-1.7659982,0.4978768,-0.31957933,-2.5869946,7.5841503
83,1747486199100,3.3003862,-1.8682582,0.66798466,0.10918961,-2.593919,7.576161
84,1747486199110,3.3667696,-1.8645973,0.9405966,1.6951021,-1.8716696,7.64300625
85,1747486199120,3.1642022,-1.7979698,1.018939,2.1534321,-1.6287893,7.7215695
86,1747486199130,2.967492,-1.7230443,0.99502134,2.9422605,-1.2277173,7.8739023
87,1747486199140,2.9508963,-1.7101091,0.90496427,3.7055223,-0.9235843,7.928231
88,1747486199150,3.0185,-1.83543255,0.610143135,4.8136636,-0.54941015,7.67443125
89,1747486199160,3.0536442,-1.9243914,0.4356422,5.2304482,-0.3749731,7.497331
90,1747486199170,2.9463811,-2.08058795,0.382803795,5.37212875,0.09560749,7.3191658
91,1747486199180,2.9277108,-2.1257386,0.38341394,5.3838468,0.294013,7.2853436
92,1747486199190,2.859619,-2.2072537,0.41684976,5.3897057,0.62744075,7.2448635
93,1747486199200,3.0710943000000004,-2.1970032,0.49995126,5.4733288,0.8474179,6.84352515
94,1747486199210,3.0856156,-2.153561,0.5637722,5.9260661500000005,0.78909467,6.298109800000001
95,1747486199220,2.8540056,-2.1372094,0.7577977,6.3367257,0.66152924,6.005961
96,1747486199230,2.6284966,-2.2131112,0.7831797,7.0605726,0.5539375,6.030995
97,1747486199240,2.514766,-2.2904773,0.6313761,7.6342177,0.49801114,6.215818
98,1747486199250,2.5081763,-2.3287942,0.2272173,7.7889473,1.4863102499999998,6.715959700000001
99,1747486199260,2.9307615,-1.93696025,-1.0709232,7.05151795,2.44664615,6.9386
100,1747486199270,3.0265539,-1.7454974,-1.3354813,6.2072959,2.948652,6.97295475
101,1747486199280,3.0536442,-1.6554403,-1.4035733,5.8024955,3.176086,6.9971895
102,1747486199290,3.172256,-1.5900329,-1.5490314,5.1244545,3.3443978,6.903446
103,1747486199300,3.3081958,-1.5368285,-1.6774055,4.7723846,2.9374666,6.808105
104,1747486199310,4.0164504,-1.4882611,-1.6339632,4.3526707,2.2610238,6.609433
105,1747486199320,4.1655687,-0.73461232,-1.364402,3.769971,1.9867182,6.155098
106,1747486199330,4.14946115,-0.1851174245,-2.14221245,3.83974565,3.8629152,6.2243402
107,1747486199340,4.1655693,0.013179091,-2.7488167,3.6405413,4.179565,6.2429824
108,1747486199350,5.069557,0.45174995,-5.670182,2.2610238,3.9196405,6.0272665
109,1747486199360,5.252599999999999,0.783667825,-5.48762715,-0.9848369,3.86105095,5.15348325
110,1747486199370,5.435643,1.1155857,-5.3050723,-4.2306976,3.8024614,4.2797
111,1747486199380,4.91995,2.1118274,-4.2788115,-3.926032,4.4938183,4.450675
112,1747486199390,6.0772696,4.2102313,-4.7266564,-1.4876418,4.0432115,4.2418833
113,1747486199400,7.6550997,4.1969303,-6.522552,-1.66953565,3.26769865,2.24531115
114,1747486199410,7.9967794,3.9625132,-7.084982,-2.163552,3.03121,1.3688648
115,1747486199420,7.9967794,3.158589,-7.2797394,-4.171043,2.9928606,-0.545948
116,1747486199430,7.3766303,1.0506665,-5.3197155,-8.74955,3.6677055,-3.3342776
117,1747486199440,6.536829,-0.028066583,-3.7492075,-10.378872,3.7486656,-4.0543966
118,1747486199450,5.312393849999999,-0.91130973,-0.93486129,-9.934123499999998,3.6325518,-4.10126815
119,1747486199460,5.0898137,-1.0604287,-0.10396838,-9.398295,3.5356128,-4.0863543
120,1747486199470,4.854176799999999,-1.3090011,1.4400598,-7.4909396,2.8985846,-4.406999
121,1747486199480,4.599259,-1.3264512,1.8055356,-3.2671661,0.65034395,-5.434447
122,1747486199490,4.39181025,-1.2235809999999998,1.83238185,-2.3646208,0.0412789749999999,-5.6200691
123,1747486199500,4.1002839,-1.0705570999999998,1.77600455,-0.70227561,-1.0191918,-5.9771988
124,1747486199510,3.72114075,-0.92265845,1.0688487,1.31107425,-1.97020655,-6.64751675
125,1747486199520,3.5934987,-0.9264413,0.8412653,1.5313177,-2.0192087,-6.7702885
126,1747486199530,2.6380148,-0.75486904,0.059794027,0.62371236,-0.6918893,-6.1487064
127,1747486199540,2.56028245,-0.6557818049999999,-0.0436862465,0.2191781699999999,-0.05486115,-5.9292619
128,1747486199550,2.5655298,-0.38951537,-0.35949633,-1.0508834,1.9094865,-5.465872
129,1747486199560,2.9103827,-0.35119837,-0.437472615,-2.2311964,3.2533176,-5.6341837
130,1747486199570,3.15907695,-0.42929668,-0.2097672065,-2.5523736,3.5462654,-5.7705374
131,1747486199580,3.2342465,-0.50593066,-0.061014313,-2.91989,3.3726273,-7.0563116
132,1747486199590,3.3655493,-0.7336361,0.3590082,-2.5145566,2.7116306,-7.8584557
133,1747486199600,3.3285746,-1.24554615,0.8821449000000001,-1.219461465,1.57179775,-8.894692
134,1747486199610,3.2493782,-1.4575099,1.0216236,-0.66525763,1.2026836,-9.17459
135,1747486199620,2.7717582500000004,-1.9529462,1.2695858,1.3832459,1.1006845,-8.799883000000001
136,1747486199630,2.783717,-1.990287,1.2146729,1.7257284,1.2112057,-8.684036
137,1747486199640,3.0610881,-2.03421715,0.670303235,2.11987625,1.53611135,-8.615060249999999
138,1747486199650,3.265486,-2.01786535,0.299214175,2.01414875,1.62319675,-8.762066749999999
139,1747486199660,3.35639725,-1.97942635,0.1000634635,1.59709775,1.4405039,-9.2425005
140,1747486199670,3.2497443,-1.9714945,0.1269097635,1.24289735,1.100950825,-9.720538
141,1747486199680,3.1476064,-1.986382,0.20671648,1.1877699,0.95447695,-9.832924
142,1747486199690,2.9572418,-2.016401,0.39537275,1.2942963,0.7206514,-9.879795
143,1747486199700,2.75845705,-2.07973395,0.53228885,1.61174515,0.30626353,-9.7197395
144,1747486199710,2.6164157,-2.13672125,0.51691325,1.77659475,0.1603223,-9.2203965
145,1747486199720,2.60165035,-2.12268795,0.461634295,1.81920535,0.2668487499999999,-8.6408925
146,1747486199730,2.6655934,-2.0827847,0.43710655,1.8013622,0.39254996,-8.452873
147,1747486199740,2.72978035,-1.9447701,0.27041544,1.63118615,0.8655274,-8.2901545
148,1747486199750,2.6752335,-1.8581298,0.24186074,1.5488945,0.96912435,-8.3314335
149,1747486199760,2.6336217,-1.8194468,0.24015234,1.5238608,0.9619338,-8.378838
150,1747486199770,2.4193394,-1.8116369,0.3482697,1.87992545,-0.076166415,-8.783904
151,1747486199780,2.2218971,-1.8736275,0.47859627,2.0026972,-0.3089267,-8.796421
152,1747486199790,2.0473962,-1.9021822,0.5515694,2.271144,-0.6535397,-8.716526
153,1747486199800,1.58502975,-1.914263,0.42990685,2.5595641,-0.6996123999999999,-8.179632999999999
154,1747486199810,1.03590095,-1.89095555,0.28579104,2.6618295,-0.578971225,-7.413441499999999
155,1747486199820,0.7844,-1.8533708,0.23185438,2.664759,-0.51771855,-7.021158
156,1747486199830,0.40830776,-1.7110853,0.017084008,2.543319,-0.35100463,-5.9819927
157,1747486199840,0.281398,-1.602968,-0.2967736,2.0698087,-0.06711166,-4.72285
158,1747486199850,0.095792475,-1.607361,-0.769268435,1.4940335,0.33076462,-3.956925
159,1747486199860,-0.08029484,-1.72499665,-1.0373653,-0.1379517499999999,1.7640779000000002,-2.81975495
160,1747486199870,-0.10640897,-1.7884516,-1.1094842,-0.41545314,2.018676,-2.7590349
161,1747486199880,-0.05418071,-2.0359256,-1.2144289,-0.8223842,1.9648803,-3.0748858
162,1747486199890,-0.37023485,-2.2751017,-1.257383,-1.0492855,1.7230653,-3.6597161
163,1747486199900,-0.98403883,-2.545517,-1.2683655,-1.1382351,1.2804478,-4.3010054
164,1747486199910,-3.13796605,-3.47171435,-1.5103482499999998,-1.3787186,-0.0114515949999999,-4.3947485
165,1747486199920,-3.4624403,-3.649388,-1.598819,-1.5361114,-0.2428803,-4.256797
166,1747486199930,-4.171182,-3.9569001,-1.5192564,-1.8636801,-0.51771855,-3.6405413
167,1747486199940,-4.7271447,-4.127008,-1.1033828,-1.9451729,-0.74941355,-2.5497105
168,1747486199950,-4.40608765,-3.92980975,-0.59110665,-1.34835845,-0.680171355,-0.05113265
169,1747486199960,-3.59703765,-3.73200125,-0.79562661,-1.2279836,-0.107059075,1.2191952
170,1747486199970,-3.21154915,-3.6241279,-1.056401735,-1.66500835,0.44235106,1.4942997
171,1747486199980,-3.1136823,-3.6232738,-1.1207108,-1.9419771,0.6860303,1.5755261
172,1747486199990,-3.0106902,-3.6015527,-0.9340071,-2.2540996,0.5179848499999999,1.7281252500000002
173,1747486200000,-3.0070293,-3.5637240500000003,-0.141309154,-1.32252585,-0.58243335,2.48259885
174,1747486200010,-2.8778009,-3.48245285,0.0550349159999999,0.098004335,-1.67219885,3.66530885
175,1747486200020,-2.6328895,-3.3158837,0.0938400185,1.089232885,-1.81734115,4.7420248
176,1747486200030,-2.4764488,-3.2244844,0.055400997,1.5393071,-1.7592843,5.3199306
177,1747486200040,-1.38026575,-2.971275,-0.56511456,1.87380015,-1.00134853,6.8951905
178,1747486200050,-0.9193637,-2.8593748,-0.79513854,1.8002969,-0.72011876,7.355651
179,1747486200060,1.130717215,-2.1934645,-0.8624982999999999,0.452204765,0.322508805,8.5649925
180,1747486200070,1.7519650000000002,-1.97356895,-0.62320017,0.1150485654999999,0.4932174499999999,8.690161
181,1747486200080,2.2915755000000004,-1.863133,-0.32776888,0.007456851,0.5432849,8.705341
182,1747486200090,2.566994,-1.8492217,-0.15741692,0.2514024,0.28442562,8.501343
183,1747486200100,2.685118,-1.8875388,0.04368625,0.6823019,0.032490566,8.38736
184,1747486200110,2.7657788,-1.8049254,0.18987653,1.6668726,-0.36352151,8.199074
185,1747486200120,2.8418026,-1.7711234,0.17889395,2.0090888,-0.4426174,8.124239
186,1747486200130,2.8798754,-1.5026605,-0.16693515,2.5347967,-0.38456047,7.88562
187,1747486200140,2.8015332,-1.5065655,-0.35315084,2.821353,-0.23595607,7.730624
188,1747486200150,2.8097092000000004,-1.500464,-0.4330795699999999,2.6522422,-0.213851835,7.77936
189,1747486200160,2.9987314,-1.42932125,-0.5730464,1.28311102,-0.23888555,7.728759999999999
190,1747486200170,3.03973305,-1.5066874,-0.156074605,0.172040195,0.0511327,7.4363448
191,1747486200180,3.0150833,-1.5980868,0.22843759,-0.53103435,0.3254383,7.2262216
192,1747486200190,2.95895,-1.790404,0.9637821,-0.542752225,0.45966162,7.12289095
193,1747486200200,2.8239864,-1.85093025,1.3064384,-0.275104521,0.67218187,6.96896015
194,1747486200210,2.4840147,-1.9888225,1.8746037,0.8708537,0.84848315,6.9583073
195,1747486200220,2.3973744,-2.114756,1.7874753,1.6714,0.9187906,7.0754867
196,1747486200230,2.4086008,-2.0820522,1.2095478,2.4815335,1.1840415,7.170828
197,1747486200240,2.426173,-1.9836973,0.8744571,2.3707461,1.383246,7.081878
198,1747486200250,2.4991462,-1.8941283,0.5864696,1.9707392,1.6362462,6.95884
199,1747486200260,2.511349,-1.7742962,0.40147418,1.3486248,1.9430424,6.8858695
200,1747486200270,2.5821257,-1.5775860000000002,0.581100275,0.20213393,2.7052391,7.0840085
201,1747486200280,2.6614444,-1.5168158,0.7577977,-0.28016454,3.1089742,7.209177
202,1747486200290,2.723923,-1.478987,0.96329397,-0.45220476,3.5057852,7.294931
203,1747486200300,2.7729783,-1.441158,1.1136333,-0.44741106,3.7614489,7.342335
204,1747486200310,2.8034856,-1.3449996,1.1953924,-0.33129725,3.7417414,7.3125076
205,1747486200320,3.0065413,-0.93888825,0.8075854,-0.33129725,3.2341428,6.852846
206,1747486200330,2.8762147,-0.6433349,0.65090066,-0.8143947,2.76036655,6.4267404
207,1747486200340,2.8503446500000003,-0.58329685,0.74083578,-1.1856394,2.4724789,6.26189075
208,1747486200350,2.8625476,-0.6294237,0.80392456,-1.3704628,2.352104,6.213155
209,1747486200360,2.81239375,-0.7145996,1.9456244,-0.98430437,2.005094,6.77162
210,1747486200370,3.2812277,-0.57926986,2.68853465,0.4279699800000001,2.13905105,7.439008299999999
211,1747486200380,3.6308396,-0.47078642,2.6538785,1.1771172,2.3600934,7.661915
212,1747486200390,5.2079378,0.129472375,0.947308185,2.4554346,2.59977795,7.0017172
213,1747486200400,5.70910915,1.01649842,-0.811368315,2.1734058,2.1481058,5.746303
214,1747486200410,5.5953784,1.6632501,-1.74476525,0.4285025999999999,1.36779955,4.33456115
215,1747486200420,5.5188665,1.6935132,-1.7125497,-0.9060074,0.9353022,3.6144423
216,1747486200430,5.4944606,1.6276178,-1.3457316,-1.8333201,1.4647386,3.6810212
217,1747486200440,5.6201501,2.4499686,-0.509957625,-2.137453,2.292449,3.858388
218,1747486200450,5.705082,2.7798119,-0.3180066,-1.8769959,2.9672942,3.9824913
219,1747486200460,6.6641052,3.529678,-0.38561046,-0.39388151,3.41763465,3.08287535
220,1747486200470,7.284742899999999,3.5034417,-0.58073421,0.02609898,3.2522523,2.6658244
221,1747486200480,7.6026278,3.4763513,-0.71191496,0.6780408,2.5134914,1.6128104
222,1747486200490,7.9479685,3.4436476,-0.92229235,1.2016183,1.5962988,0.4809669
223,1747486200500,7.9967794,3.3574958,-1.1797727,1.5124092,0.438888948,-1.92999285
224,1747486200510,7.4034765,2.50781025,-1.30912305,1.34063535,0.0380832029999999,-3.53481375
225,1747486200520,6.846172,2.00224565,-1.35134495,0.8466189500000001,0.287088775,-4.331099050000001
226,1747486200530,6.563676,1.7428128,-1.3706255,0.5336975,0.5187838,-4.6935554
227,1747486200540,5.85713,1.244692,-1.363792,-0.27057716,1.2777847,-5.175587
228,1747486200550,5.1684003,0.7829357,-1.2056428,-1.0418286,2.0932446,-5.404619
229,1747486200560,4.025236,0.24796216,-0.39659303,-1.707619,2.787797,-5.342834
230,1747486200570,3.67342745,0.0658954535,0.114584872,-1.20135195,2.3292007,-5.386776299999999
231,1747486200580,3.5759265,0.015375607,0.25870067,-0.9603359,2.102832,-5.4333816
232,1747486200590,3.3921516,-0.06858008,0.45589894,-0.38562572,1.4631407,-5.6043563
233,1747486200600,3.2427886,-0.13691612,0.554254,0.17150758,0.74941355,-5.791843
234,1747486200610,3.11050965,-0.122516742,0.48957885,0.417583665,0.1438107049999999,-6.0485715
235,1747486200620,2.9436966,-0.118489792,0.4291747,0.593884945,-0.40906155,-6.4379257
236,1747486200630,2.9091625,-0.12886222,0.4334457,0.52411014,-0.35633096,-6.5705514
237,1747486200640,2.818617,-0.20525214,0.6050179,0.4293016,-0.1272991,-6.993461
238,1747486200650,2.57211925,-0.581100315,0.99868218,0.9930928,-0.08175905,-7.5564535
239,1747486200660,2.4549717500000003,-0.92082803,1.1659834,1.6282567,-0.24101609,-7.914381799999999
240,1747486200670,2.464246,-1.0301657,1.1834335,1.865278,-0.3568636,-8.02943
241,1747486200680,2.5103729,-1.2378583,1.1600041,2.295645,-0.6716492,-8.309063
242,1747486200690,2.4352033,-1.3242546,1.0960611,2.6232138,-1.0290455,-8.530638
243,1747486200700,2.3614979,-1.3921026,0.98159826,2.7318707,-1.3097427,-8.588162
244,1747486200710,2.3039005,-1.4340804,0.93254274,2.5859294,-1.077515,-8.358065
245,1747486200720,2.3377023,-1.40259705,0.95182333,2.54278625,-0.6623281750000001,-8.115984000000001
246,1747486200730,2.3480747,-1.380876,0.950359,2.5459821,-0.5523396,-8.036888
247,1747486200740,2.404452,-1.2952118,0.8529801,2.5182853,-0.49375007,-7.960189
248,1747486200750,2.536487,-1.2371262,0.7228975,2.392584,-0.58483016,-7.9990706
249,1747486200760,2.5494219,-1.1683020000000002,0.5555962999999999,1.7275926,-0.8479505,-8.265387
250,1747486200770,2.5174503,-1.1736712,0.5637722,1.5803198,-0.8841695,-8.287758
251,1747486200780,2.450579,-1.2078394,0.6242984,1.3550164,-0.9033443,-8.261659
252,1747486200790,2.4194615,-1.2411531999999998,0.6621273000000001,1.29802475,-0.901746375,-8.213722
253,1747486200800,2.2952363,-1.2482308,0.7665838,1.3382385,-0.924649525,-8.018512
254,1747486200810,2.2016404,-1.21931,0.7643873,1.5451661,-0.87032104,-7.722635
255,1747486200820,2.2284868,-1.1885588,0.6799435,1.6202673,-0.7318367,-7.615043
256,1747486200830,2.233856,-1.1853861,0.520086,1.73638105,-0.580302825,-7.4041207
257,1747486200840,2.271929,-1.1953924,0.5195979,1.7731327,-0.63010395,-7.374826
258,1747486200850,2.2693663500000003,-1.2284622,0.5161811,1.886317,-0.930508475,-7.314372
259,1747486200860,2.2668037,-1.261532,0.5127643,1.9995013,-1.230913,-7.253918
260,1747486200870,2.174306,-1.3100992,0.5442477,2.0953753,-1.546764,-7.0131683
261,1747486200880,1.9034024,-1.2078394,0.59183884,2.2152174,-1.5520903,-6.4160876
262,1747486200890,1.8235958,-1.1731832,0.5132524,2.2082932,-1.1808456,-6.1668158
263,1747486200900,1.77075735,-1.1630547999999998,0.458095455,2.1899174500000003,-0.94994955,-6.04457665
264,1747486200910,1.4982674,-1.0953289,0.2975058,2.111354,-0.3472762,-5.682121
265,1747486200920,1.32962385,-1.1209549,0.26358183,2.1177457,-0.2471413499999999,-5.52366265
266,1747486200930,0.28627914,-1.2432276,0.07516963,2.1662152,-0.18535602,-4.9582734
267,1747486200940,-0.027334413,-1.2832531,-0.014643434,2.2876554,-0.5448828,-4.0112534
268,1747486200950,-0.210499385,-1.4942405,-0.298482015,2.0482372,-0.67617661,-3.6413403
269,1747486200960,-0.31507793,-1.5387809,-0.40049794,1.9281287,-0.62264705,-3.5878108
270,1747486200970,-0.545468,-1.7364672,-0.67555046,1.4109428,-0.48842376,-3.5531895
271,1747486200980,-0.9774493,-1.82664645,-0.8705522299999999,0.5155879999999999,-0.17763285,-3.49460005
272,1747486200990,-1.9466006,-2.22824275,-0.98879795,-1.8745992,1.188835115,-3.3595778
273,1747486201000,-2.1120715,-2.3156152,-0.9081371,-2.3297334,1.5904398,-3.3481262
274,1747486201010,-2.3898087,-2.5679703,-0.6221019,-2.8075044,2.2897859,-3.3864758
275,1747486201020,-3.07036235,-3.25853025,-0.26699864,-2.28925325,1.85755495,-3.5944686
276,1747486201030,-3.3274767,-3.3623767,-0.21623473,-1.7198695,1.1872373,-3.679956
277,1747486201040,-3.7361505,-3.51576665,-0.08969104,-0.3797667799999999,-0.305730905,-3.0453247
278,1747486201050,-3.8287702,-3.5400503,-0.05588911,0.09321064,-0.7797736,-2.7638285
279,1747486201060,-3.7693423,-3.52137995,-0.1531459299999999,1.4341123,-1.8823224,-1.5976304
280,1747486201070,-3.6283991,-3.5007572,-0.34070393,1.8194717,-2.1459754,-1.1685951
281,1747486201080,-3.2423005,-3.4268076,-0.6518769,2.0474384,-2.1145499,0.26738137
282,1747486201090,-2.758457,-3.31527355,-0.9358375,1.298557385,-1.3523532,1.06366655
283,1747486201100,-2.613121,-3.2942846,-0.99795,0.99762017,-1.0657971,1.3289174
284,1747486201110,-2.10389555,-3.20947485,-0.83687231,0.03009371,-0.08788432,2.8716867500000003
285,1747486201120,-1.7540395,-3.1376,-0.70337296,-0.22264028,0.25246766,3.594735
286,1747486201130,-1.415532,-3.0451021,-0.5747548,-0.13209279,0.2977414,4.3856936
287,1747486201140,-0.87909424,-2.9694445,-0.57402265,0.08575379,0.1736381,5.1313787
288,1747486201150,0.0317274549999999,-2.7979943,-0.6092889,0.548611195,-0.264451895,5.825665
289,1747486201160,0.61197353,-2.5240401500000003,-0.68665504,1.05221497,-0.598412315,6.399043499999999
290,1747486201170,1.04773775,-2.2505740000000003,-0.7946504050000001,1.3800501,-0.7680557,6.782539
291,1747486201180,1.142432,-2.1616151,-0.82808626,1.5606124,-0.690824,7.2752237
292,1747486201190,1.5652612,-2.0874216,-0.997339975,1.5350461,-0.34434673,8.3551355
293,1747486201200,1.7386639,-2.059111,-1.0728757,1.4615428,-0.27856666,8.655807
294,1747486201210,2.6586375,-2.021404,-1.24969515,0.46578689,0.0700411365,9.319999
295,1747486201220,2.784327,-2.05654825,-1.0738519,0.01890844,0.31345406,9.42333
296,1747486201230,2.8261828,-2.0959635,-0.9364477,-0.18216023,0.4612595,9.471267
297,1747486201240,3.2139897,-2.0412948,-0.7285109,-0.4628574,0.7451525,9.447298
298,1747486201250,3.584225,-1.8999857,-0.66188323,-0.777643,0.9528791,9.077119
299,1747486201260,3.72748635,-1.9117004,0.47810817,-0.76912093,0.3153183,8.021974
300,1747486201270,3.69283,-1.9487971,0.8251576,-0.11664646,-0.22264028,7.6949377
301,1747486201280,3.5390742,-2.029092,1.3486603,0.92518216,-0.74781567,7.4882765
302,1747486201290,3.2459614,-2.0769272,1.5563531,2.076733,-1.0487529,7.5069184
303,1747486201300,2.90501345,-2.1392838000000003,1.12180915,3.0786142,-0.276436115,8.28429575
304,1747486201310,2.8586426,-2.1808956,0.8251576,3.2293491,0.38456047,8.739963
305,1747486201320,2.9770103,-2.1735737,0.7236297,2.928412,1.1536814,9.041432
306,1747486201330,3.227413,-2.0859573,0.7133793,2.599778,1.73212,9.085641
307,1747486201340,3.5852008,-1.9343977,0.6631035,2.3073628,1.9941751,8.728245
308,1747486201350,3.6076543,-1.565139,0.74315435,1.9925772,1.9430424,7.928231
309,1747486201360,3.1983702000000003,-1.5585496,0.82210681,1.6064188,1.87140335,7.281615
310,1747486201370,3.06657935,-1.6339633,0.8362621299999999,1.4397049,2.0138824,7.498662749999999
311,1747486201380,3.0336316,-1.6620299,0.8407772,1.3427658,2.1193435,7.6416745
312,1747486201390,3.0682876,-1.624445,0.87348086,1.1084076,2.4160197,7.8882833
313,1747486201400,3.1795778,-1.5736811,0.8339436,0.8021441,2.718555,7.979896
314,1747486201410,3.37494575,-1.41602015,0.7148437000000001,-0.192013913,3.34786,7.80146425
315,1747486201420,3.4707382,-1.3881977,0.6465077,-0.4282363,3.4104443,7.7215695
316,1747486201430,3.4348617,-1.2795922,0.5344854,-1.063134,3.380084,7.5159736
317,1747486201440,3.2554796,-1.138771,0.5435155,-1.5387745,3.1606395,7.603325
318,1747486201450,3.62205365,-0.79953155,0.8286964,-1.9355855,3.0162964,7.8062577
319,1747486201460,3.87648335,-0.6290575650000001,1.1281546,-2.5539715,3.0786142,7.7982683
320,1747486201470,3.93237235,-0.6314981150000001,1.2864257,-2.6945865,3.3944652,7.8573904
321,1747486201480,3.9417684,-0.601113,1.330112,-2.6205506,3.7848847,8.058725
322,1747486201490,4.063309,-0.3487578,1.2051547,-2.428803,3.8040593,8.329835
323,1747486201500,5.7365656,0.4229512,0.46688148,-2.047971,2.1513016,7.773235
324,1747486201510,6.5463476,0.8937377,0.21086545,-1.7571537,0.94755274,7.013701
325,1747486201520,6.96026865,1.82957515,0.3652316599999999,-0.956873815,-0.55473647,6.176137150000001
326,1747486201530,7.0949883,2.174306,0.41294485,-0.67271453,-0.9038769,5.9276643
327,1747486201540,7.3403878,3.8004595,0.651876925,0.3097256415,0.498277435,4.71086575
328,1747486201550,7.3661356,4.160688,0.73461235,0.6593987,1.1787151,4.605671
329,1747486201560,7.8947637,4.73129375,0.530458435,2.000833,2.2429142,3.67409695
330,1747486201570,7.9967794,4.799874,0.38902727,2.86875715,2.05809085,2.42107975
331,1747486201580,7.9967794,4.452092,-1.1753798,3.257046,1.7741979,1.6825852
332,1747486201590,7.9967794,4.117734,-1.7494024,2.886334,0.0127831735,-2.9209552
333,1747486201600,7.9967794,3.5783675,-1.7589207,2.2295985,-0.15126756,-4.535896
334,1747486201610,7.300484,2.8427787,-1.8658178,1.2772521,0.2876214,-5.4392405
335,1747486201620,6.2937484,2.0473962,-1.7718556,0.08042747,1.0162623,-5.694904
336,1747486201630,5.060039,0.97085977,-0.7668279,-1.562743,2.2354574,-5.670935
337,1747486201640,4.7649736,0.6491923,-0.17987019,-1.6221315,2.25276805,-5.672799250000001
338,1747486201650,4.659785,0.49275158,0.08859278,-1.5195998,2.13106165,-5.7023606
339,1747486201660,4.4403777,0.2036657575,0.552789675,-1.04662235,1.77206745,-5.75935235
340,1747486201670,3.88539145,-0.29909217,1.07507215,0.8892295,0.37124466,-5.935121049999999
341,1747486201680,3.7099142,-0.42612398,1.1448725,1.5851135,-0.16245283,-6.0272665
342,1747486201690,3.6088746,-0.43954712,1.1219312,2.39231765,-0.7360977200000001,-6.340719999999999
343,1747486201700,3.492459,-0.4639528,0.9862353,2.6141589,-0.8878979,-6.460296
344,1747486201710,3.2598727,-0.44491637,0.8232051,2.8842034,-1.0812434,-6.6856
345,1747486201720,2.8864651,-0.4389369749999999,0.56487049,2.9156289,-1.1113371,-6.99798865
346,1747486201730,2.7209942,-0.44564855,0.45736328,2.8399951,-1.0338391,-7.1180973
347,1747486201740,2.676576,-0.43515408,0.36169282,2.644519,-0.76592517,-7.295996
348,1747486201750,2.6608341,-0.478230185,0.2574804,2.2786007,-0.6769756,-7.6094503
349,1747486201760,2.7513794000000003,-0.5720702,0.333504235,2.0809941,-0.7832357,-7.884288700000001
350,1747486201770,2.8042178,-0.6155124,0.40318257,2.0106866,-0.8681905,-8.041149
351,1747486201780,2.946747,-0.9269294,0.6919023,2.044775,-1.3693974,-8.780975
352,1747486201790,2.8786552,-1.1321816,0.7912336,2.1038973,-1.5318503,-9.08138
353,1747486201800,2.7673652,-1.2908187,0.90423214,2.167813,-1.6490294,-9.23318
354,1747486201810,2.7134285,-1.4174845,0.92595315,2.20563,-1.6783241,-9.241169
355,1747486201820,2.63557435,-1.5125448,0.998072085,2.0751352,-1.5590146,-9.044628
356,1747486201830,2.6306932,-1.5036367,1.0206474,2.049569,-1.4775218,-8.858739
357,1747486201840,2.6421638,-1.4543371,0.96768695,1.9771309,-1.32945,-8.6606
358,1747486201850,2.6360621,-1.3972276,0.895446,1.8482338,-1.0934939,-8.418785
359,1747486201860,2.6084838,-1.3201057,0.8495633,1.7060211,-0.7685883,-8.122108
360,1747486201870,2.7644365,-1.1900232,0.79782313,1.5073493,-0.19707392,-7.675763
361,1747486201880,2.9782307,-1.2100358,0.7895252,1.4881744,-0.06657903,-7.7274284
362,1747486201890,3.08537165,-1.26287425,0.800751835,1.5547534,-0.15286545,-7.8904138
363,1747486201900,2.92734455,-1.32937985,0.76194674,1.72759265,-0.5134574700000001,-8.074438
364,1747486201910,2.68462965,-1.33963025,0.73058537,1.84716855,-0.6482134500000001,-8.051801000000001
365,1747486201920,2.60043,-1.3115636,0.7243619,1.8860507,-0.6354303,-8.019843
366,1747486201930,2.4574125,-1.2517697,0.7170402,1.9984361,-0.567786,-7.992679
367,1747486201940,2.314639,-1.2300485,0.6577343,2.120409,-0.479369,-7.994277
368,1747486201950,2.0657005,-1.2298045,0.5937913,2.2461102,-0.3685815,-7.9543295
369,1747486201960,1.5841756,-1.2505494,0.47859627,2.5374599,-0.31478566,-7.5601816
370,1747486201970,1.3562261,-1.24518,0.39244407,2.6716833,-0.3174488,-7.1713605
371,1747486201980,1.1927078,-1.2825208,0.29189247,2.7537086,-0.41545314,-6.553507
372,1747486201990,1.1227854000000002,-1.4137016,0.036852648,2.6410569,-0.75394094,-5.714078649999999
373,1747486202000,1.1768441,-1.4262705,-0.073949344,2.5699506,-0.89109373,-5.4365773
374,1747486202010,1.4919219,-1.4389615,-0.25699228,1.8988339,-1.0407634,-5.2395034
375,1747486202020,1.5357302,-1.4046715,-0.304339395,1.2695289,-0.48442903,-5.740444
376,1747486202030,1.4499441,-1.4382293,-0.26529023,1.1121361,-0.26525086,-5.888782
377,1747486202040,0.9823304,-1.5936939,-0.22306833,0.95128113,0.08841695,-5.904761
378,1747486202050,0.42905263,-1.62871615,-0.246009715,0.833569435,-0.01384844,-5.4291205
379,1747486202060,-0.24674188,-1.7164546,-0.34168017,0.5028048,-0.35260254,-4.191816
380,1747486202070,-0.308854445,-1.70901085,-0.4729829399999999,0.04713795,-0.35952675,-3.63281815
381,1747486202080,-0.32337585,-1.679602,-0.4886026,-0.11717909,-0.350472,-3.491937
382,1747486202090,-0.16717921,-1.7484262,-0.51520485,-0.40213734,-0.38083205,-3.4887412
383,1747486202100,-0.826377815,-2.25277035,-0.665056,-1.17258985,-1.4663365499999998,-3.708452
384,1747486202110,-1.0084445,-2.3907847,-0.6257628,-1.3401027,-1.6868463,-3.6820867
385,1747486202120,-1.3672087,-2.7373462,-0.47078642,-1.540905,-1.8040254,-3.5824845
386,1747486202130,-1.7559919,-3.1764052,-0.340948,-1.567004,-1.5494272,-3.4690337
387,1747486202140,-2.3270857,-3.5625036,-0.3333822,-1.6271914,-1.0913634,-3.0503848
388,1747486202150,-3.4435258,-3.9859431,-0.363401225,-1.89324125,-0.30546458,-1.5361114
389,1747486202160,-3.4685416,-3.9932647,-0.34900185,-2.0591562,0.05912218,-0.6508766
390,1747486202170,-3.4268076,-3.9505548,-0.2779812,-2.149171,0.5123922,0.05273059
391,1747486202180,-3.3877587,-3.9324942,-0.12398108,-2.0532973,0.8681905,0.6711166
392,1747486202190,-3.2396159,-3.73126935,0.0246497821,-1.4897724,0.76938723,1.5451661
393,1747486202200,-3.129302,-3.6579301,0.0051252022,-1.2623384,0.6498113,1.8397117
394,1747486202210,-2.7565047,-3.48989665,-0.1681554475,-0.317182495,0.427970015,3.4549190000000003
395,1747486202220,-2.608728,-3.4294925,-0.2255089,-0.18908444,0.5001417,3.8195057
396,1747486202230,-2.118661,-3.2647538,-0.3487578,-0.094808534,0.69668293,4.2844934
397,1747486202240,-1.23920065,-2.7853034,-0.580978275,-0.157925455,1.1198592,5.22032825
398,1747486202250,-1.04066,-2.7085474,-0.60770255,-0.20905815,1.15048555,5.6054215
399,1747486202260,-0.343388565,-2.3594234,-0.6637137,-0.267647695,1.04236125,5.97320415
400,1747486202270,0.29335683,-2.04080675,-0.6581004,-0.3073288,0.9528791,6.1545653
401,1747486202280,0.87250468,-1.79235645,-0.58256468,-0.62264705,0.52624065,6.9055767
402,1747486202290,1.0538392,-1.735003,-0.53863436,-0.8016115,0.32756883,7.223026
403,1747486202300,1.3928347,-1.7159665,-0.44149956,-1.0375676,0.1667139,7.5681715
404,1747486202310,1.66044345,-1.8755799,-0.281642055,-1.36753325,0.37151098,8.053666
405,1747486202320,2.1154882,-1.931469,0.09298582,-1.2354405000000002,0.3906857299999999,8.326107
406,1747486202330,2.4915805,-1.9263439,0.3785328,-1.0120013,0.3110572,8.419317
407,1747486202340,2.7822526,-1.69754015,0.62808133,-0.085487475,-0.191747604,8.095476999999999
408,1747486202350,2.87548245,-1.5457366,0.74608303,0.66552395,-0.6109291649999999,7.997472849999999
409,1747486202360,3.00934795,-1.427979,0.77488175,1.4104101,-0.94116115,8.00226635
410,1747486202370,3.2830582,-1.30741465,0.6252746499999999,2.1624868,-0.95767275,7.9990705
411,1747486202380,3.4661012,-1.2246792,0.4842096,2.5608957,-0.8495484,7.974037
412,1747486202390,3.521014,-1.2261436,0.33008742,2.2378542,-0.2687129545,7.875766199999999
413,1747486202400,3.4709822,-1.2346856,0.32728075,1.8325211,0.2924150955,7.8376832
414,1747486202410,3.36274275,-1.2373702,0.38439017,1.6048208,0.6130597,7.826498
415,1747486202420,3.3025827,-1.2412751,0.42514774,1.1201255,1.2751216,7.8051925
416,1747486202430,3.0324113,-1.3296238,0.6984919,0.386691,2.251969,7.8403463
417,1747486202440,2.8608391,-1.3674527,0.788549,0.17257284,2.5241442,7.8664455
418,1747486202450,2.7041545,-1.4130914,0.8944698,0.1288969999999999,2.5395905,7.9865543
419,1747486202460,2.5909119,-1.4702009,1.0374874,0.18695392,2.4703484,8.047541
420,1747486202470,2.68816855,-1.5883246,1.07836695,0.71159667,2.011752,8.2818985
421,1747486202480,2.7583349,-1.6163912,1.0250404,0.8357,1.9755329,8.320781
422,1747486202490,2.7770053,-1.5678237,0.810880245,0.66658925,2.4066988,8.3988115
423,1747486202500,2.7761512,-1.5365844,0.73290396,0.5422196,2.6184201,8.439025
424,1747486202510,2.77908,-1.4958268,0.58378494,0.09853696,3.106311,8.549812
425,1747486202520,3.23327025,-1.3037538,0.605750125,-1.24689205,3.92922795,8.4057355
426,1747486202530,3.2781769,-1.1607363,0.6884855000000001,-1.77712745,3.8621163,8.099472
427,1747486202540,3.2488901500000003,-1.0354129,0.79989763,-2.22773435,3.54227065,7.8683095
428,1747486202550,3.23986,-0.9850151,0.85273606,-2.4037693,3.3443978,7.800399
429,1747486202560,3.2416905,-0.8156393500000001,1.10460313,-2.5092304,3.1438618,7.766310499999999
430,1747486202570,3.243521,-0.6462636,1.3564702,-2.5459821,2.7041738,7.6938725
431,1747486202580,3.3162498,-0.5762192,1.4675162,-2.3068302,2.8378644,7.629424
432,1747486202590,3.2725637,-0.45455661,1.56989825,-1.6996294500000002,3.0719562500000004,7.449926850000001
433,1747486202600,3.2620692,-0.40684342,1.586128,-1.4679344,3.13241,7.358314
434,1747486202610,3.341632,-0.30067852,1.3081468,-0.61838603,2.5134914,6.403837
435,1747486202620,3.3160057,-0.1313028,1.138527,-0.302268785,1.60828295,6.06934415
436,1747486202630,3.3875144,0.1598575,0.9686632,-0.18855181,1.3677995,6.0517673
437,1747486202640,3.80936755,0.628447415,0.4267340699999999,-0.15712651,1.37206065,6.079996850000001
438,1747486202650,4.19595425,0.912041975,-0.08285744,-0.83436839,1.69430315,5.66321215
439,1747486202660,4.503466400000001,1.0579882,-0.225997015,-1.3997575,1.9169434,5.302354
440,1747486202670,4.590961,1.0526189,-0.10494461,-1.6282567,1.5350461,5.1159325
441,1747486202680,4.914093,1.0799533,0.16010156,-1.4620755,0.68656296,5.1313787
442,1747486202690,5.569386,1.376971,0.37072295,-0.8942895,-0.165116,5.243232
443,1747486202700,7.371748999999999,3.7874025,-0.0357543999999999,1.6647420350000002,0.20346551,4.6373625
444,1747486202710,7.781521,4.1360383,-0.34168017,3.1641017,1.20055305,3.3699641500000004
445,1747486202720,7.9967794,4.03036115,-1.25494235,3.77902565,1.5108113,1.8639464500000005
446,1747486202730,7.9967794,3.8712358,-1.4704449,4.0527987,1.514806,1.0396981
447,1747486202740,7.9967794,3.2632895,-1.7733198,4.537494,0.90014845,-0.90920323
448,1747486202750,7.1951738,1.4797191,-2.56675015,4.636031,-1.1659319,-4.705806
449,1747486202760,6.06738525,0.8655489999999999,-2.7798120500000003,2.8328044,-2.0895163,-5.8024955
450,1747486202770,5.1812134,0.46627138,-2.82813535,0.79229035,-1.8897792,-5.6621468
451,1747486202780,4.8259883,0.31825066,-2.8203256,-0.4543353,-1.5563514,-5.4269896
452,1747486202790,4.80573115,-0.0341680249999999,-2.07619505,-3.9092542,0.960335915,-5.2139368
453,1747486202800,4.8757753,-0.21672285,-1.4916779,-5.3055496,2.1283984,-5.3566823
454,1747486202810,4.51261865,-0.51605904,-0.455044735,-5.7724017,2.6628948,-5.8839884
455,1747486202820,4.3232303,-0.5940353,-0.12080834,-5.7561564,2.7297401,-6.0331254
456,1747486202830,3.9725199,-0.70337296,0.30409533,-5.359878,2.6828685,-6.174273
457,1747486202840,3.606678,-0.7494998,0.60892284,-4.754808,2.5523736,-6.177469
458,1747486202850,2.9582179,-0.6726217,1.0797093,-3.9771647,2.433064,-6.110357
459,1747486202860,2.8171529,-0.6413824,1.2597015,-1.75981685,1.8487665,-5.93032715
460,1747486202870,2.62752045,-0.5691415,1.50241635,-0.08948223,1.182443575,-5.9660134
461,1747486202880,2.578953,-0.5281399,1.565139,0.51665324,0.90494215,-6.0198092
462,1747486202890,2.5728514,-0.519353835,1.45995045,2.2192122,0.10652645,-6.3830645
463,1747486202900,2.5948166,-0.561819785,1.2269979,3.5238949,-0.6026733599999999,-6.97109065
464,1747486202910,2.5873729,-0.661151075,0.95377575,4.4450825,-1.2000204,-7.587612399999999
465,1747486202920,2.5809054,-0.72655845,0.7985553,4.588627,-1.3438311,-7.7780285
466,1747486202930,2.5750482,-0.85224795,0.4949481,4.4991446,-1.470065,-8.078433
467,1747486202940,2.4854789000000004,-1.1315714,0.274442375,3.5388086000000003,-1.1270498,-8.3226445
468,1747486202950,2.3510035,-1.3014353,0.3058037249999999,2.83120655,-0.74115775,-8.2635225
469,1747486202960,2.305853,-1.3288918,0.3790209,2.6306705,-0.6194513,-8.203602
470,1747486202970,2.2455707,-1.3642801,0.5535218,2.4181504,-0.45859635,-8.082162
471,1747486202980,2.23885915,-1.2772736,0.6825061,2.347843,-0.44528055,-7.965515
472,1747486202990,2.2799828,-1.2373703,0.6560259,2.2210765,-0.79628515,-7.7402115
473,1747486203000,2.42605115,-1.1139994,0.6274712,2.0263994,-1.012267525,-7.78468625
474,1747486203010,2.44984675,-1.0473717,0.720335,1.77180115,-1.33131425,-7.86298315
475,1747486203020,2.41043135,-0.9997805,0.873236875,1.7283916,-1.4966966,-7.91012115
476,1747486203030,2.3727245,-0.9789136,0.96402615,1.7449032,-1.5590146,-7.923437
477,1747486203040,2.31793365,-0.9791577,0.924854965,2.12919735,-1.6559536,-7.80838845
478,1747486203050,2.2979211,-0.96744297,0.8163715,2.237588,-1.59869565,-7.7133137
479,1747486203060,2.27595585,-0.94828445,0.69031592,2.27407335,-1.5371766,-7.620902
480,1747486203070,2.25606515,-0.931322455,0.563406175,2.2743397,-1.5121429,-7.576161
481,1747486203080,2.2492316,-0.92229235,0.49250755,2.0921793,-1.5446335,-7.347129
482,1747486203090,2.23324575,-0.8845855,0.4460146,1.87619705,-1.9012307,-7.209709800000001
483,1747486203100,2.2367847000000003,-0.90166955,0.412334695,1.6974989,-2.0951089,-7.1202278
484,1747486203110,2.2321477,-0.9086252,0.40489095,1.6021577,-2.1747375,-7.070693
485,1747486203120,2.2162838,-0.9025237,0.41074833,1.4136059,-2.2370553,-6.9535136
486,1747486203130,2.1245184,-0.8854397,0.4966565,1.1941614,-2.0271983,-6.7074375
487,1747486203140,1.9791823,-0.9753748,0.5366819,1.298291,-1.81680855,-6.5809374
488,1747486203150,1.8338462,-1.0653099,0.5767073,1.4024206,-1.6064188,-6.4544373
489,1747486203160,1.6083373,-1.1531705,0.58427304,1.6186694,-1.3528858,-6.215818
490,1747486203170,1.35744645,-1.1828235,0.55315575,2.1177457,-1.35528275,-5.723399649999999
491,1747486203180,1.296188,-1.155123,0.53180075,2.3643544,-1.5073493,-5.514874
492,1747486203190,1.19368405,-1.14548265,0.47042036,2.65890015,-1.7648769,-5.52179835
493,1747486203200,1.1224194,-1.1517061,0.44686884,2.7419908,-1.8466359,-5.53831
494,1747486203210,0.8561529,-1.1529264,0.30433938,2.7973845,-1.8876486,-5.4605455
495,1747486203220,0.70056635,-1.2836191,-0.0383169949999999,2.71376125,-1.814678,-5.37505825
496,1747486203230,0.24503349,-1.4770344,-0.6640798,1.2676647,-1.3289174,-5.0232544
497,1747486203240,0.10177188,-1.4948506,-0.7188706149999999,0.7171893,-1.19709095,-4.93057655
498,1747486203250,-0.30385128,-1.5702643,-0.7687803,-1.019458,-0.64821345,-4.6466837
499,1747486203260,-0.49250755,-1.7984579,-0.52399087,-2.7912593,0.446345809,-4.728975350000001
500,1747486203270,-0.92278045,-2.8747504,0.2403964,-3.2378714,0.8692558,-4.964665
501,1747486203280,-1.7552598,-3.3906875,0.55767083,-3.0823426,0.97418433,-5.041364
502,1747486203290,-2.4845028,-3.9063804,0.75047606,-2.6972497,0.74781567,-4.8426924
503,1747486203300,-3.48940835,-4.4564853,1.00307525,-2.0309267,0.52624065,-4.331365
504,1747486203310,-3.7802026,-4.558013,1.0396838,-1.1675298,0.48363006,-3.5020568
505,1747486203320,-4.4952903,-4.9951196,0.32630453,0.08362326,0.644485,-1.4072144
506,1747486203330,-4.5475187,-4.7217755,0.43466598,0.48309743,1.3741912,-0.04580637
507,1747486203340,-4.71713875,-4.877606,-0.29140436,0.33316146,1.7638116,1.74330525
508,1747486203350,-4.23427125,-4.524455250000001,-0.506784865,0.2356897599999999,2.037052,3.467702
509,1747486203360,-3.761166,-4.2822285,-0.6455314,0.17097494,2.1486385,4.5715823
510,1747486203370,-2.852053,-3.901987,-0.7226535,0.1272991,2.1789985,5.2986255
511,1747486203380,-1.7232883,-3.3479772,-0.750232,0.21624868,1.8343854,5.5662733
512,1747486203390,-0.58061223,-2.6635188,-0.864938875,0.2777677,1.4426344,5.442702499999999
513,1747486203400,-0.095304365,-2.1293995,-0.988431875,0.051132685,0.68070399,5.363873
514,1747486203410,0.09689073,-1.8050474,-1.0626253,-0.19014971,0.13688648,5.388108
515,1747486203420,0.344730865,-1.6370140000000002,-1.01771877,-0.680970355,-0.001864215,5.683985
516,1747486203430,0.592571,-1.4689806,-0.97281224,-1.171791,-0.14061491,5.979862
517,1747486203440,0.90947935,-1.38173005,-0.73461232,-2.01681195,0.243146605,6.4080983
518,1747486203450,1.13584245,-1.3554939,-0.3710890599999999,-2.5960494,0.52304485,6.9372683
519,1747486203460,1.44994415,-1.3717237,-0.0142773474999999,-2.95957085,0.643153425,7.4477963
520,1747486203470,1.6117541,-1.3862451,0.084931925,-3.0061762,0.63223445,7.583085
521,1747486203480,1.9117005,-1.4404259,0.3482697,-2.8948562,0.5608617,7.659784
522,1747486203490,1.9888225,-1.415532,0.609655,-2.4176178,0.33502567,7.6794915
523,1747486203500,2.1079226,-1.3349931,0.8190561,-1.8855181,0.087884314,7.736483
524,1747486203510,2.2026167,-1.2688537,0.86518294,-0.6625945,-0.37071204,7.681622
525,1747486203520,2.4354472,-1.1526824,0.8468786,0.017044231,-0.5075985,7.4563184
526,1747486203530,2.6138532,-0.99770606,0.7136234,0.64395237,-0.5118596,7.0419307
527,1747486203540,2.50756615,-0.793918195,0.290184067,1.3281185,-0.46232477,6.3321982000000006
528,1747486203550,2.3859035,-0.7847660750000001,-0.0134231479999999,1.532383,-0.42290998,6.066681
529,1747486203560,2.2908433500000003,-0.8091718,-0.1891443649999999,1.4162691,-0.2593919,5.946839
530,1747486203570,2.2362967,-0.8122225,-0.2626056,0.9438243,0.06391586,5.9345884
531,1747486203580,2.1293995,-0.8156393,-0.36291313,0.3371562,0.4016047,5.9905148
532,1747486203590,2.0688734,-0.86152214,-0.39195594,-0.4383563,0.77604514,6.0704093
533,1747486203600,1.90755155,-0.989042,-0.115195022,-2.4631576500000003,2.10549515,6.385727899999999
534,1747486203610,1.86801425,-1.0340706,0.116293278,-2.7824707,2.4367924,6.4469805
535,1747486203620,1.8343343,-1.0592085,0.24552159,-3.1691618,2.9598372,6.544985
536,1747486203630,1.7879633,-1.129985,0.41855815,-3.3683662,3.184608,6.6499133
537,1747486203640,1.768683,-1.189779,0.5518134,-3.37209465,2.953712,6.7673588
538,1747486203650,1.9096259,-1.180871,0.5081272,-3.35371885,2.3459787,6.60171015
539,1747486203660,1.9256116,-1.1792847,0.48445365,-3.361442,1.892975,6.417153
540,1747486203670,1.8787527,-1.1704986,0.53106856,-3.3902042,1.4492923,6.1689463
541,1747486203680,1.7899158,-1.180993,0.59013045,-3.3987262,1.0487529,5.966546
542,1747486203690,1.6720362,-1.2786158,0.5933032,-3.4983284,0.86872315,5.8941083
543,1747486203700,1.5641629,-1.3957634,0.6892177,-3.6378782,0.9443569,5.9457736
544,1747486203710,1.43286005,-1.5408555000000002,0.9905063,-3.8578552,1.7558221,6.3039688
545,1747486203720,1.4067459,-1.5561091,1.0853225,-3.71084885,2.0743362000000003,6.5449848
546,1747486203730,1.4196811,-1.5573293,1.2141849,-3.5840824,2.201369,6.690926
547,1747486203740,2.0297021,-1.5825892499999998,1.15512295,-3.1545143500000004,1.6410399,6.5660238
548,1747486203750,2.2004201,-1.5866162,1.147069,-2.954511,1.1552793,6.331932
549,1747486203760,2.1427005,-1.51230075,1.3068046,-2.43972195,-0.339553055,5.784386
550,1747486203770,1.8573976,-1.5049790500000002,1.4726414,-1.94836865,-1.380849065,5.845905
551,1747486203780,1.7147462,-1.5282865,1.5375606,-1.6841831,-1.8839202,5.985721
552,1747486203790,2.1213456,-1.57111855,1.48606455,-0.99335911,-1.7033579,6.92395275
553,1747486203800,2.527945,-1.6139506,1.4345685,-0.30253512,-1.5227956,7.8621845
554,1747486203810,3.2235081,-1.6061407,1.1194906,-0.5438175,-0.37230992,7.9681783
555,1747486203820,3.9144342,-1.4919219,0.83784854,-0.9912286,0.32810146,7.5420723
556,1747486203830,4.1165137,-1.4560456,0.58183247,-1.9781961,-0.16138756,6.7106333
557,1747486203840,4.360571,-1.534388,0.63381666,-2.2929816,-1.2362394,6.778278
558,1747486203850,4.829893,-1.189779,0.88226694,-2.3110912,-2.3643544,7.1410003
559,1747486203860,5.67689365,-0.6511446949999999,0.83235727,-2.3297334,-2.66342735,7.13407615
560,1747486203870,6.5238943,-0.11251039,0.7824476,-2.3483756,-2.9625003,7.127152
561,1747486203880,7.104018,0.6745742,0.6406503,-3.5079157,-1.6974989,6.281332
562,1747486203890,6.8980343,1.3678189,1.71938315,-4.0637176,0.231695025,6.50823325
563,1747486203900,7.301461,2.2428861,2.5006104,-3.3601104,0.9574064,6.55217525
564,1747486203910,7.667791,2.7676091,2.8557138,-2.799515,1.1563445,6.466155
565,1747486203920,7.9967794,4.5772934,2.8276474,-1.2197278,0.74035877,5.511678
566,1747486203930,7.9967794,4.8377028,2.1579542,1.2261194,-1.0354371,2.05383
567,1747486203940,7.9967794,3.9032073,1.6183436,1.9158782,-1.1158645,-0.42397526
568,1747486203950,7.7278285,2.6472889,1.062869275,1.82879275,1.24502789,-3.46077785
569,1747486203960,7.4588776,2.2336118,1.1868503,1.8269285,2.0703416,-4.1598577
570,1747486203970,4.821351,0.36242503,0.5762192,1.7901769,3.2080438,-5.0157976
571,1747486203980,4.007176,-0.0605262,0.3746279,1.4753913,2.945989,-4.841627
572,1747486203990,3.5197937,-0.21647878,0.32557237,1.0508834,2.606702,-4.6078014
573,1747486204000,3.3880029,-0.26821893,0.35315084,0.6151902,2.4426515,-4.5811696
574,1747486204010,3.3555434,-0.358032,0.41636166,0.271908755,2.5696841,-5.099687149999999
575,1747486204020,3.0028803,-0.4702983,0.94303715,0.294013,2.632801,-5.3795853
576,1747486204030,2.8762147,-0.48957884,1.1314493,0.7435546,2.4937842,-5.60915
577,1747486204040,2.8166647,-0.4978768,1.2359059,1.3608754,2.202967,-5.9020977
578,1747486204050,2.6131209,-0.57194817,1.14414035,2.50283885,1.5899072,-6.6078355
579,1747486204060,2.49036,-0.63406074,1.0411482,2.8059065,1.412008,-6.8208885
580,1747486204070,2.4100653000000003,-0.753282695,0.86737949,3.7385457,0.86872315,-7.65712095
581,1747486204080,2.3929813,-0.78586435,0.81978834,3.858388,0.8564726,-7.7764306
582,1747486204090,2.400059,-0.9530435,0.6965394,4.0123186,0.9257148,-7.9186435
583,1747486204100,2.42116985,-1.28044635,0.571826135,4.0546627,1.08017815,-8.0488718
584,1747486204110,2.43459295,-1.44250035,0.517889475,3.9803606,1.004544385,-8.15459925
585,1747486204120,2.3829749,-1.4955828,0.53180075,3.9404132,0.92997587,-8.1684475
586,1747486204130,2.2314155,-1.4987555,0.59013045,3.7880805,0.6194513,-8.052867
587,1747486204140,2.2619226,-1.4763023,0.77024466,3.739611,0.28655612,-7.9852223
588,1747486204150,2.3641827,-1.4448189,0.9791577,3.8418763,0.01438107,-7.992679
589,1747486204160,2.58468825,-1.4306636,1.06213715,4.134025100000001,-0.17417074,-8.258994999999999
590,1747486204170,2.7129403,-1.4647096,0.96414815,4.2514706,-0.20026971,-8.444351
591,1747486204180,2.7166011,-1.4816716,0.9096014,4.207262,-0.1470065,-8.657404
592,1747486204190,2.78310695,-1.51388715,0.6943429,3.91564575,0.06498113325,-8.82545
593,1747486204200,2.7929912,-1.5165718,0.6379657,3.7923415,0.14274544,-8.859272
594,1747486204210,2.62239515,-1.46239105,0.7646313250000001,3.4983284,0.21544974,-8.7812415
595,1747486204220,2.5899355,-1.4516525,0.8070973,3.4977958,0.18056233,-8.710668
596,1747486204230,2.506712,-1.4106508,0.8766537,3.5505264,-0.012250541,-8.524778
597,1747486204240,2.4785232500000003,-1.30692655,0.8654269750000001,3.67782555,-0.4711132099999999,-8.1950795
598,1747486204250,2.5174503,-1.2468885,0.8171036,3.7172403,-0.7254451,-8.064052
599,1747486204260,2.5933523,-1.1922196,0.72875494,3.6554549,-0.9869675,-8.059791
600,1747486204270,2.5852983,-1.1160738,0.63503695,3.5148401,-1.2048141,-8.078433
601,1747486204280,2.536731,-1.0372432,0.5603554,3.3060482,-1.3992249,-8.053932
602,1747486204290,2.5010989,-0.9772052,0.5474204,3.0695596,-1.5888419,-7.981494
603,1747486204300,2.1797973,-0.859081505,0.6471178,2.9981868,-1.7518274,-7.9186435
604,1747486204310,2.0754628,-0.84517026,0.6399181,3.01070365,-1.8461033,-7.2802836
605,1747486204320,1.8741156,-0.85956967,0.55840296,2.9917953,-1.8040254,-7.069095
606,1747486204330,1.7110853,-0.8991069,0.49885303,2.9113677,-1.6005598,-6.5369954
607,1747486204340,1.6193199,-0.9938011,0.44906533,2.7963192,-1.2724584,-5.9963737
608,1747486204350,1.3623276,-1.138039,0.37682438,2.5331988,-0.8237157350000001,-5.5297877
609,1747486204360,1.0562798,-1.1792847,0.35510328,2.376605,-0.64395237,-5.396097
610,1747486204370,1.01479,-1.2195541,0.2613853,2.091114,-0.66525763,-5.441371
611,1747486204380,0.99917036,-1.257383,0.08615221,1.7576864,-0.80747044,-5.752428
612,1747486204390,0.78366786,-1.3620834,-0.0053692595,1.3539511,-0.9624664,-6.1204767
613,1747486204400,0.4424758,-1.8089523,-0.17157225,0.88683265,-0.968858,-6.377206
614,1747486204410,-0.52423495,-2.301704,-0.29067218,-0.2444782,-0.5406217,-6.320214
615,1747486204420,-1.1661055,-2.6563191,-0.3321619,-0.88044107,-0.16458336,-5.964948
616,1747486204430,-1.6918048,-2.9377172,-0.24527754,-1.464206,0.29933932,-5.3731937
617,1747486204440,-2.1926103,-3.52906785,0.019280525,-1.8423749,0.93796533,-4.701012
618,1747486204450,-2.4247088,-3.785572,0.17669745,-1.3795174,2.650378,-3.5979307
619,1747486204460,-2.729048,-4.0401235,0.14863087,-0.0069242,2.67834115,-3.0224216
620,1747486204470,-2.993606,-4.292967,0.10079564,0.5613944,2.4730115,-2.8554413
621,1747486204480,-3.56579835,-4.740323699999999,-0.3419242,3.732953,-0.484961635,-1.7038905
622,1747486204490,-3.69307435,-4.8629625,-0.80233825,4.21898,-1.0961571,-1.4231933
623,1747486204500,-3.7053993,-4.821595,-1.25469835,4.3633232500000005,-1.89404015,-0.235689755
624,1747486204510,-3.6852646,-4.753991,-1.4704449,4.183826,-1.9606192,0.21731395
625,1747486204520,-3.5610392,-4.5641146,-1.8177384,3.2144356,-1.484446,1.3038837
626,1747486204530,-2.9196568,-4.118954,-1.9346417,1.5638082,-0.31957933,2.8991172
627,1747486204540,-2.4110415,-3.947382,-1.7796655,-0.9321064,1.4988271,5.5995626
628,1747486204550,-2.09767205,-3.849515,-1.6852153,-1.37925115,1.72812525,6.16015815
629,1747486204560,-1.1485333,-3.5346813,-1.3711137,-2.4266725,2.0421119,7.5926723
630,1747486204570,-0.4217309,-3.2371752,-1.1263242,-2.728675,1.7997643,8.199873
631,1747486204580,0.14606825,-2.9368628,-0.986967515,-2.7670245,1.24556048,8.5002775
632,1747486204590,0.7138674,-2.6365504,-0.84761083,-2.805374,0.69135666,8.800682
633,1747486204600,1.8404356,-2.3009717,-0.58305275,-2.4825988,-0.7355651,8.798019
634,1747486204610,2.2624106,-2.1096308,-0.47884035,-2.4208136,-1.3278521,8.810802
635,1747486204620,2.729048,-2.0320208,-0.18231077,-2.4932516,-1.5313177,9.050487
636,1747486204630,2.98408795,-2.11146125,0.209645175,-2.82934235,-0.977912765,9.869941
637,1747486204640,3.06682325,-2.16991295,0.44723491,-2.77927495,-0.53715959,9.9831255
638,1747486204650,3.0690198,-2.20505715,0.58000205,-2.66076435,-0.143278061,9.989251
639,1747486204660,3.1629819,-2.1328163,0.5904965,-2.541721,-0.0077231674999999,9.75729
640,1747486204670,3.45853535,-1.98308725,0.55193545,-2.5057683,-0.1693770465,9.1543505
641,1747486204680,3.6559777,-1.9126767,0.5359497,-2.5252094,-0.30466563,8.766594
642,1747486204690,3.93005375,-1.65483015,1.1351103,-2.00402865,-1.16912775,7.45685135
643,1747486204700,3.8890522,-1.5895448,1.3784354,-1.27938255,-1.72839155,6.79771885
644,1747486204710,3.573486,-1.6090695,1.6554403,-0.8681905,-1.9499665,6.549246
645,1747486204720,2.8871973,-1.6575148,1.5220630000000002,0.472977415,-1.319330025,6.600112449999999
646,1747486204730,2.8291116,-1.6854594,1.4140676,0.5635249,-0.99069595,6.6690884
647,1747486204740,2.775175,-1.7445213,1.2246792,0.4213121,-0.17417073,6.7990503
648,1747486204750,2.7073271,-1.7577002,1.1351103,0.10013486,0.70147663,6.91836
649,1747486204760,2.7224586,-1.6037002,1.1172941,-0.22583607,1.5222629,6.988135
650,1747486204770,2.6399672,-1.5207207,1.1402354,-0.6380934,2.5459821,6.463492
651,1747486204780,2.4273934,-1.4831358,1.2637285,-0.5139901,2.5635588,6.245113
652,1747486204790,2.1835802,-1.453605,1.3327967,-0.18322548,2.3185482,6.1891866
653,1747486204800,2.0116419,-1.54585865,1.2085715,0.687361925,1.04316023,6.38599425
654,1747486204810,2.03958645,-1.63152265,0.99953645,1.21173835,0.098803273,6.6440544
655,1747486204820,2.0903504,-1.6403086,0.9059405,1.3124058,-0.091080114,6.7569723
656,1747486204830,2.315371,-1.6468983,0.74291027,1.2777847,-0.14594123,6.910903
657,1747486204840,2.443257,-1.5080298,0.72216535,1.1467572,0.1603223,7.021158
658,1747486204850,2.502807,-1.3830724,0.66188323,0.9827065,0.5571333,7.1101074
659,1747486204860,2.4818182,-1.2495731,0.5518134,0.4426174,1.0482203,7.643805
660,1747486204870,2.7654128,-1.146825,0.53863436,0.0628506,1.1494204,7.9809613
661,1747486204880,3.1871436,-0.94962674,0.58329684,-0.24927188,1.2468921,8.147142
662,1747486204890,3.7160158,-0.73339206,0.7826916,-0.34088463,1.3140037,8.143947
663,1747486204900,4.1828971,-0.337165085,1.17965065,0.6245113165,1.25568045,8.1242395
664,1747486204910,4.4189005,-0.15717287,1.24518,1.2964269,1.1685951,8.135958
665,1747486204920,4.8812667,0.2774930885,0.620637565,2.21069015,0.00186421,7.2874742
666,1747486204930,5.0212337,0.57060585,0.148386815,2.32627135,-0.646881835,6.71569345
667,1747486204940,5.1044574,0.6377216,-0.0656514,2.301504,-0.87511474,6.4597635
668,1747486204950,5.2035446,0.77195305,-0.3360668,2.0682108,-0.67484504,6.2344604
669,1747486204960,6.2182125,2.13940585,-0.209401115,2.2580944,0.8016115,5.74656915
670,1747486204970,6.53268,2.455704,-0.23161033,2.3936493,1.0279802,5.4637413
671,1747486204980,7.150877,2.8735301,-0.41636166,2.6178875,1.2820457,4.43949
672,1747486204990,7.5823703,3.3413877,-0.57988006,3.0407975,1.5819178,3.106311
673,1747486205000,7.5848112,3.7316353,-1.3241326,4.6637277,1.4354439,-0.406132065
674,1747486205010,7.5767574,3.6769664,-1.509006,4.971589,1.2463595,-1.0018812
675,1747486205020,7.5767574,3.6769664,-1.509006,4.971589,1.2463595,-1.0018812
676,1747486205030,6.800655,2.5114711,-2.6148293,5.4445666500000005,-0.155794928,-3.68155405
677,1747486205040,5.9632947,1.7022993,-2.7684634,5.3103433,-0.33182988,-4.2008705
678,1747486205050,5.6037984,1.4545813,-2.6485093,4.0847564,-0.64714813,-5.5223308
679,1747486205060,4.6296439,0.93534945,-2.47095765,2.8884645,-0.878310535,-5.4807856
680,1747486205070,4.3759465,0.8090498,-2.5311177,2.359028,-0.85753787,-5.3870425
681,1747486205080,4.274663,0.61160743,-2.5089085,0.67058396,-0.58696073,-5.254417
682,1747486205090,4.2780795,0.4458926,-2.1579542,-0.5470133,-0.33662358,-5.387575
683,1747486205100,3.78300915,0.16425053,-0.7615806350000001,-1.9148128,-0.1784318,-5.620335
684,1747486205110,3.7050328,0.12129646,-0.43979117,-2.0005667,-0.40533313,-5.655489
685,1747486205120,3.5610392,0.1513155,0.20110317,-1.6559536,-0.7797736,-5.7194047
686,1747486205130,3.4067953,0.15107143,0.6706693,-1.1004182,-1.1291803,-5.8168764
687,1747486205140,3.236443,0.13325526,0.9183875,-0.515588,-1.4173343,-5.9457736
688,1747486205150,3.0631626,0.12398108,1.087031,0.034621093,-1.6719326,-6.101835
689,1747486205160,2.4101874,0.12593354,1.4304196,1.44023755,-2.5627599,-6.3878583
690,1747486205170,2.2748578,0.10860548,1.4592183,1.6511599,-2.7084348,-6.3761406
691,1747486205180,2.0964518,0.07224095,1.4850883,1.988316,-2.8304076,-6.320214
692,1747486205190,1.9889446,0.0327036701,1.462269,2.52387785,-2.8634309,-6.4696175
693,1747486205200,1.965393,-0.0374627899,1.41894885,2.8831383,-2.88127395,-6.719155499999999
694,1747486205210,1.9453802,-0.07224095,1.4138237,2.9928606,-2.9092371,-6.825682
695,1747486205220,1.8616686,-0.1313028,1.3801438,3.2101743,-3.0056436,-6.949785
696,1747486205230,1.7716117,-0.26236153,1.1787965,3.4157705,-3.1909997,-6.964699
697,1747486205240,1.76868285,-0.316176165,0.99599768,3.2290829,-3.2384039,-6.8584385
698,1747486205250,1.7613611,-0.3226437,0.94572186,3.139867,-3.2229576,-6.804909
699,1747486205260,1.7750283,-0.30214286,0.80368054,2.799515,-3.123888,-6.631804
700,1747486205270,1.8336021,-0.25601605,0.72094506,2.3233418,-2.996589,-6.4586983
701,1747486205280,1.91316475,-0.22624107,0.82039843,1.9728698,-2.82614665,-6.36282445
702,1747486205290,2.01981775,-0.215258485,0.98965215,1.5009576,-2.5715485,-6.218481
703,1747486205300,2.1142678,-0.24820623,1.1641531,1.5584819,-2.5901904,-6.2413845
704,1747486205310,2.1162202,-0.27310005,1.1822133,1.7299895,-2.6727486,-6.3164854
705,1747486205320,1.9453802,-0.34460884,0.99038434,1.9361181,-2.8330708,-6.3569655
706,1747486205330,1.8440965,-0.366574,0.84614646,2.0048277,-3.02109,-6.1369886
707,1747486205340,1.7489142,-0.38268176,0.6987359,1.8855181,-3.0200248,-5.8935757
708,1747486205350,1.6944895,-0.3917119,0.5769514,1.685781,-2.9854035,-5.6070194
709,1747486205360,1.6837509,-0.38975942,0.5105677,1.4615428,-3.012568,-5.326322
710,1747486205370,1.9395229,-0.38487828,0.48640612,1.107875,-3.2937977,-5.106345
711,1747486205380,1.9812566,-0.4097721,0.4639528,0.9576728,-3.400324,-5.1335096
712,1747486205390,1.89559265,-0.4788403049999999,0.46346472,0.727841945,-3.32415775,-5.036037650000001
713,1747486205400,1.8726513,-0.50593066,0.47688788,0.65673554,-3.2735577,-4.9726543
714,1747486205410,1.7835704,-0.53643787,0.48640612,0.59388494,-3.1356058,-4.821387
715,1747486205420,1.5439061,-0.55864704,0.5047104,0.5970807,-2.7542412,-4.321245
716,1747486205430,1.4091865,-0.5730464,0.48054874,0.63383234,-2.5710158,-4.0282974
717,1747486205440,1.2642165,-0.6062382,0.48176903,0.68176925,-2.4586303,-3.704457
718,1747486205450,1.3872214,-0.648948225,0.44686879,0.73982614,-2.3350596,-3.389139
719,1747486205460,1.475082,-0.66115105,0.42099872,0.7781757,-2.2391858,-3.2740903
720,1747486205470,1.6366479,-0.7324158,0.5530337,0.8841695,-2.5177526,-3.7997983
721,1747486205480,1.8299413,-0.74510676,0.67555046,1.0157297,-2.6162896,-4.4682517
722,1747486205490,1.3737982,-0.9752528,0.6631035000000001,1.18856885,-2.1025657,-5.2861085
723,1747486205500,1.0989897,-1.1063116,0.6208816,1.2239889,-1.8514296,-5.407815
724,1747486205510,-0.21721096,-1.5382929,-0.011958805,0.65673554,-0.98430437,-4.4400225
725,1747486205520,-0.3236199,-1.6080933,-0.20476402,0.10972224,-0.76592517,-3.704457
726,1747486205530,-0.24722999,-1.624079,-0.276272795,-0.23382553,-0.672448185,-3.5489285
727,1747486205540,-0.111046046,-1.786255,-0.37999713,-1.355549,-0.24873926,-3.5782232
728,1747486205550,-0.897886615,-2.53429055,-0.083345545,-2.095908,0.2444782,-4.0474725
729,1747486205560,-1.530483,-2.9704208,0.12544543,-3.07169,0.9086706,-4.9273806
730,1747486205570,-2.2497199,-3.5193055,0.33069757,-3.050739866666667,0.95234642,-4.896842866666667
731,1747486205580,-3.0973306,-3.985699,0.44955346,-2.8538435,1.1243867,-4.4384246
732,1747486205590,-4.1249335,-4.3936405,0.57756145,-2.392584,1.5741945,-3.00857315
733,1747486205600,-4.6023096500000005,-4.49333785,0.563772225,-2.2034996,1.7726,-2.4319987
734,1747486205610,-4.6755268,-4.50261185,0.488480585,-0.774447275,2.6029737,0.587759674
735,1747486205620,-4.5641146,-4.4879684,0.45321432,-0.40906155,2.7126958,1.1185277
736,1747486205630,-4.148241,-4.352517,0.29042813,0.479369,2.56782,1.9446403
737,1747486205640,-3.60619,-4.1414075,-0.13179092,1.4887071,2.13479,2.7377295
738,1747486205650,-2.2996294,-3.4589012500000003,-1.18440985,2.020274,1.7965685,3.2874062
739,1747486205660,-1.81139295,-3.1516332,-1.4627571,2.1283983500000003,1.35581535,4.5119275
740,1747486205670,-1.5734371,-2.9992194,-1.5739251,2.0149477,1.3347764,4.74309
741,1747486205680,-1.33230855,-2.8170307,-1.62017395,1.84397275,1.3369069,4.9348375
742,1747486205690,-0.78488815,-2.3549085,-1.6556844,1.2644689,1.4034859,5.5026236
743,1747486205700,0.0143993699999999,-1.85227245,-1.3878315,0.04580637,1.4311828,6.4528395
744,1747486205710,0.359740385,-1.68851,-1.17123075,-0.46072688,1.3387711,6.7452545
745,1747486205720,0.53985465,-1.6134624,-1.0438329,-0.6743124,1.2969595,6.852846
746,1747486205730,0.81539524,-1.5212089,-0.7748818,-1.0391655,1.23837,7.0339413
747,1747486205740,1.1807489,-1.4348125,-0.4888467,-1.2958943,1.1558119,7.15112
748,1747486205750,1.98381935,-1.218944,0.0741934025,-1.3174658,0.720118765,6.93247485
749,1747486205760,2.10218715,-1.20369045,0.24442333,-1.1930962,0.4985437699999999,6.904778
750,1747486205770,2.1479478,-1.2014939,0.32850105,-1.1185277,0.39627838,6.9204907
751,1747486205780,2.2677798,-1.1858741,0.5266756,-0.8724516,0.31691617,7.0477896
752,1747486205790,2.51378965,-1.05237485,0.7042271499999999,-0.2460761,0.48043425,7.3074478
753,1747486205800,2.68609405,-0.9154587,0.7304633,0.188551805,0.6234460150000001,7.3804183
754,1747486205810,2.7439356,-0.8690878,0.7048373,0.28868666,0.6492787,7.354053
755,1747486205820,2.9096506,-0.7839119,0.6272271,0.3685815,0.6940198,7.1111727
756,1747486205830,2.9323478,-0.69287854,0.55791485,0.31957933,0.7419567,6.7511134
757,1747486205840,2.6626645,-0.7025188,0.5760971500000001,0.0215715999999999,0.966194915,6.3561666
758,1747486205850,2.464124,-0.8020941500000001,0.68604495,-0.3720436099999999,1.33743955,6.2589613
759,1747486205860,2.416899,-0.8363842,0.7399816,-0.6396913,1.6021577,6.250972
760,1747486205870,2.361254,-0.89861876,0.8600578,-0.8319715,1.8359833,6.2818646
761,1747486205880,2.3212285,-0.959145,1.0101529,-0.9635317,2.0873857,6.3031697
762,1747486205890,2.280959,-1.0094208,1.12144305,-0.9720538,2.2690134,6.3122244
763,1747486205900,2.25447895,-1.02345405,1.09569495,-0.894555805,2.5861957,6.2648203
764,1747486205910,2.2143315,-1.0545713,1.0164984,-0.86392945,2.7387948,6.237656
765,1747486205920,2.1887054,-1.0792211,0.9691513,-0.93157375,2.893791,6.312757
766,1747486205930,2.152585,-1.1065556,0.9017916,-1.0476876,3.0381343,6.45497
767,1747486205940,2.1691809,-1.121687,0.78610843,-1.1829761,3.0919302,6.625945
768,1747486205950,2.3996929,-1.01491205,0.74888968,-1.5680693,2.9217541,6.8893316
769,1747486205960,2.5047596,-0.9767171,0.7648754,-1.8018948,2.7771444,6.9673624
770,1747486205970,2.6582716,-0.90520835,0.84248555,-1.9510318,2.7126958,6.8310084
771,1747486205980,2.7778594,-0.77048874,0.99136055,-2.058091,2.6988475,6.604107
772,1747486205990,2.6897548,-0.76194674,1.043466775,-2.0964405,2.70923385,6.32367615
773,1747486206000,2.6016502,-0.75340474,1.095573,-2.107093,2.667955,5.863748
774,1747486206010,2.5001225,-0.74510676,1.0850785,-2.0426445,2.5310683,5.819007
775,1747486206020,2.4752285,-0.690682,1.0167425,-1.9627497,2.3888555,5.875999
776,1747486206030,2.5386835000000003,-0.43149321,0.870064065,-2.0461067,2.26448585,5.8823905
777,1747486206040,2.7119641,0.12080834,0.54668826,-2.3979104,2.1294637,5.6996975
778,1747486206050,2.8037298,0.22428861,0.41562948,-2.8224182,2.229066,5.4211307
779,1747486206060,2.728804,0.29555333,0.38829508,-3.3204293,2.5001757,5.209676
780,1747486206070,2.5010989,0.42270714,0.5442477,-3.9228363,2.8378644,5.160141
781,1747486206080,2.5423443,0.716064,0.8095379,-4.392618,3.1553133,5.2016864
782,1747486206090,2.7676091,0.9791577,0.99111646,-4.474643,3.2810144,5.181979
783,1747486206100,2.9854302500000003,1.13840505,1.02235583,-4.286624,3.0826089000000003,5.0786482500000005
784,1747486206110,3.9766688,1.85202845,0.79379625,-3.2533176,1.329982715,4.32071265
785,1747486206120,4.279544,1.9707624,0.6794554,-2.9252162,0.51452273,4.065582
786,1747486206130,5.1788945,2.5269687,0.2506468,-2.2205439,-1.9574234,3.9084554
787,1747486206140,5.1788945,2.5269687,0.2506468,-2.2205439,-1.9574234,3.9084554
788,1747486206150,6.1347451500000005,4.5390988,-0.2262410749999999,-2.5094968,-0.93343795,4.089284
789,1747486206160,6.538538,4.875044,-0.34582913,-2.650378,-0.3616573,3.959588
790,1747486206170,7.8337493,4.7493542,-0.171572245,-3.239203,1.96115185,0.843955755
791,1747486206180,7.8767033,4.586568,-0.11251039,-3.286341,2.1603563,0.12250541
792,1747486206190,7.716846,3.9815497,0.082491346,-3.31244,2.2801986,-1.6074841
793,1747486206200,7.2431307,3.1827505,0.48689422,-3.2192292,2.2354574,-2.7824707
794,1747486206210,6.1121697,1.7064483,1.3520772,-2.914031,2.2482407,-3.759851
795,1747486206220,5.4292974,1.1033828,1.6857034,-2.3654196,2.3931167,-4.531102
796,1747486206230,4.799142,0.65675807,1.9466007,-0.65513766,2.3707461,-5.2421665
797,1747486206240,4.3417788,0.3360668,2.0029778,0.33981937,2.0548952,-5.274124
798,1747486206250,4.15361,0.1581491,1.8433644,1.1957593,1.6714,-5.3348446
799,1747486206260,3.82816015,-0.0352662735,1.21516105,1.8093517,1.3310479,-5.494634
800,1747486206270,3.7557971,-0.040513504,1.1087521,2.3920512,1.1488878,-5.854161
801,1747486206280,3.51039735,-0.085420037,0.8401671,2.49857785,1.3952301,-6.04111475
802,1747486206290,3.4312007,-0.117391534,0.7668279,2.5198832,1.4966966,-6.105563
803,1747486206300,3.2637775,-0.19426957,0.6643238,2.541721,1.6729978,-6.233395
804,1747486206310,2.88256015,-0.209279095,0.5097135500000001,2.5310683,1.7044232,-6.5598984
805,1747486206320,2.7817645,-0.18548352,0.5108118,2.576342,1.5313177,-6.7654943
806,1747486206330,2.7229466,-0.20354374,0.51642513,2.696717,1.3017532,-6.9577746
807,1747486206340,2.7637043,-0.22477673,0.56523657,2.8842034,0.9235843,-7.2129054
808,1747486206350,2.89317665,-0.40635532,0.359374285,3.1984565,-0.01731055,-7.999071000000001
809,1747486206360,2.85876465,-0.5740226350000001,0.273100065,3.2088429,-0.51771853,-8.549546
810,1747486206370,2.82179,-0.66896087,0.24869433,3.1313448,-0.54648066,-8.66273
811,1747486206380,2.72514315,-0.932908875,0.2312442499999999,2.9246836,-0.3834952,-8.804943
812,1747486206390,2.7205060000000003,-1.12083295,0.263337775,2.6743464,-0.17310548,-8.9370365
813,1747486206400,2.703422,-1.227608,0.31361356,2.4469125,-0.11984225,-9.1426325
814,1747486206410,2.5079324,-1.291551,0.4300289,2.2892532,-0.5075985,-9.406817
815,1747486206420,2.2997513,-1.2988727,0.456143,2.2791333,-0.7568704,-9.262474
816,1747486206430,2.1642997,-1.2503053,0.43100512,2.2003038,-0.8990832,-8.935438
817,1747486206440,2.2106707,-1.1351103,0.28359452,2.0170782,-0.8586032,-8.678177
818,1747486206450,2.6128769,-0.9224144,-0.154488235,0.8258462799999999,-0.56485648,-8.220912
819,1747486206460,2.7641923000000004,-0.885561735,-0.210987495,0.211987623,-0.31931303,-8.147142500000001
820,1747486206470,2.818617,-0.87616557,-0.21623473,-0.091080114,-0.165116,-8.129033
821,1747486206480,2.840094,-0.93107843,-0.08322352,-0.58962387,0.22903186,-8.10613
822,1747486206490,2.7524776,-0.98062205,0.1701079,-0.8426242,0.6114618,-8.08802
823,1747486206500,2.5247722,-1.040416,0.6469958,-0.4926848,0.8857674,-8.11412
824,1747486206510,2.23654055,-1.1038709,0.858471395,0.439954205,0.57204701,-8.0619215
825,1747486206520,2.1054819,-1.1104605,0.91399443,0.73982614,0.44900897,-8.004397
826,1747486206530,1.909748,-1.1265682,0.9022797,1.3044163,0.21571605,-7.7780285
827,1747486206540,1.778201,-1.1136333,0.80392456,1.7470337,0.0026631611,-7.487211
828,1747486206550,1.9987068,-1.0906918,0.2065944549999999,1.845837,-0.488690085,-7.0611055
829,1747486206560,2.0354373,-1.0819057,0.10518867,1.7145431,-0.74089146,-6.917295
830,1747486206570,2.0359256,-1.0662861,0.05222825,1.3486248,-0.80800307,-6.848585
831,1747486206580,1.9775959,-1.0579882,0.048323333,0.94595486,-0.55127436,-6.768158
832,1747486206590,1.820911,-1.0989897,0.16034561,0.6247776,0.042077947,-6.6312714
833,1747486206600,1.1319374999999998,-1.15463485,0.746693135,0.91452956,1.4956313,-5.972405
834,1747486206610,0.92924795,-1.1974669,0.88068055,1.88258855,1.7480989500000002,-5.5580172
835,1747486206620,0.8468786,-1.2263877,0.9247329,2.2647521,1.7337179,-5.4285874
836,1747486206630,0.68531275,-1.351345,0.86298645,3.0919302,1.3779196,-5.2245893
837,1747486206640,0.38170552,-1.5617223,0.62503064,3.8269625,0.7637946,-4.9726543
838,1747486206650,-0.10860548,-1.9456245,-0.13764828,4.6823697,-0.55074173,-4.2429485
839,1747486206660,-0.2266071399999999,-2.46754085,-1.039683875,4.485296,-0.93636745,-3.8994005
840,1747486206670,-0.27432033,-2.600918,-1.359887,3.36304,-0.9981528,-3.752394
841,1747486206680,-0.73510045,-2.8491244,-1.8523946,1.8780613,-0.57417756,-3.6746297
842,1747486206690,-2.3156151,-3.4718366,-1.75379535,-1.94330865,1.131843475,-2.3792682
843,1747486206700,-2.5938404,-3.6052139,-1.5919853,-2.5390577,1.4152038,-1.9686087
844,1747486206710,-3.0236251,-3.7462788,-1.1334019,-3.2240229,1.6399746,-1.051416
845,1747486206720,-3.1964178,-3.88832,-0.53131264,-3.3017871,1.6367788,-0.1933455
846,1747486206730,-3.100259,-3.7416415,0.08908089,-2.1901836,0.7888283,1.2687299
847,1747486206740,-2.827403,-3.7145514,0.06638357,-1.5350461,0.18695392,1.5877767
848,1747486206750,-2.622395,-3.6059456,-0.045394648,-1.0391655,-0.21518342,1.6740631
849,1747486206760,-2.5528388,-3.4548743,-0.2362474,-1.00694125,-0.28069719,1.5984292999999998
850,1747486206770,-2.7649245,-3.3626208,-0.311173,-1.0519487,-0.24927188,1.6197346
851,1747486206780,-3.121004,-3.2649977,-0.06589546,-0.99495703,-0.036751624,2.4607608
852,1747486206790,-3.1779915,-3.22692475,0.025748037,-0.816258915,-0.0468716359999999,2.86183295
853,1747486206800,-3.00031785,-3.09891675,0.1011617295,-0.186953925,0.023702136,4.18302725
854,1747486206810,-2.7656567,-3.0089817,0.084931925,0.26365295,0.10439592,5.1031494
855,1747486206820,-2.2404454,-2.8684049,-0.09859913,0.5384912,0.3435478,5.9052935
856,1747486206830,-1.52645598,-2.63752665,-0.364499515,0.4420847649999999,0.59734705,6.3479109000000005
857,1747486206840,-0.281398,-2.1088986,-0.83736044,-0.06391586,0.9672601,6.9583073
858,1747486206850,0.040513504,-1.9275641,-0.87079626,-0.5406217,1.000816,7.2102423
859,1747486206860,0.184507277,-1.87008865,-0.82698798,-0.76272935,0.99389175,7.38547825
860,1747486206870,1.0640897,-1.7079126,-0.37877685,-1.3363743,0.9038769,7.9383507
861,1747486206880,1.24554625,-1.70583815,-0.22697324,-1.45648285,0.7691209299999999,8.21318935
862,1747486206890,1.6559285,-1.6698397,0.20061506,-1.3406353,0.4165184,8.618522
863,1747486206900,1.8704547,-1.6698397,0.379509,-0.9358348,0.1784318,8.706407
864,1747486206910,2.2182362,-1.6437255,0.41416514,-0.49375007,-0.06764429,8.6723175
865,1747486206920,2.5264807,-1.4907017,0.35412705,0.29827404,-0.5864281,8.137555
866,1747486206930,2.5687025,-1.4980234,0.32215557,0.5432849,-0.8000136,7.966048
867,1747486206940,2.5957928,-1.4963149,0.29823795,0.69987875,-0.9214538,7.872837
868,1747486206950,2.6077516,-1.5114466,0.27261195,0.7307714,-0.8873653,7.8818917
869,1747486206960,2.643384,-1.5192564,0.26748675,0.4546015799999999,-0.17576864,8.023571800000001
870,1747486206970,2.7568707,-1.4301754,0.2928687,0.2615224,0.30786142,8.090151
871,1747486206980,2.7857914,-1.33230855,0.32776889,-0.082557991,1.29802475,8.175372500000002
872,1747486206990,2.7788358,-1.2993608,0.33777523,-0.22210763,1.655421,8.219048
873,1747486207000,2.8100753,-1.2798362,0.34168017,-0.4543353,2.0325246,8.246212
874,1747486207010,3.0758533,-1.2466444,0.38268176,-0.77391464,1.8471686,7.809454
875,1747486207020,3.0704844,-1.1917315,0.38146147,-0.8905611,1.5094798,7.3375416
876,1747486207030,2.9098945,-1.1673259,0.4600479,-0.96992326,1.1531488,6.9002504
877,1747486207040,2.59628105,-1.172451,0.60684832,-0.98084225,0.81439465,6.4999773
878,1747486207050,2.36991785,-1.1880707,0.692878545,-0.89988215,0.79442095,6.30583285
879,1747486207060,2.2392251,-1.2078394,0.73461235,-0.8346347,0.8431568,6.2104917
880,1747486207070,2.1196373,-1.2183337,0.73339206,-0.79255676,1.1424961,6.21422
881,1747486207080,1.98735815,-1.24078705,0.69458692,-0.8021441,1.4029533,6.252037
882,1747486207090,1.9548985,-1.2459122,0.68433654,-0.8237157500000001,1.8208033,6.375607649999999
883,1747486207100,1.8348224,-1.2288283,0.622346,-0.829841,1.9787288,6.433132
884,1747486207110,1.7874753,-1.2271198,0.5845171,-0.8335694,1.9680761,6.461894
885,1747486207120,1.8567874,-1.2271198,0.5357057,-0.83250415,1.8050907,6.4523067
886,1747486207130,2.0908384,-1.1883147,0.4510178,-0.8378305,1.4775218,6.2877235
887,1747486207140,2.25106205,-1.0972814,0.4400351999999999,-0.912399025,0.527838535,5.69889855
888,1747486207150,2.2484994,-1.0963051,0.4937278,-0.9582054,0.06231797,5.4493604
889,1747486207160,2.0400746,-1.0023432,0.7643873,-0.8213189,0.05912218,5.5782576
890,1747486207170,1.8785087,-0.90081537,1.0855666,-0.47830373,0.25513083,5.855226
891,1747486207180,1.9722266,-0.86982006,1.3567142,0.051665325,0.5384912,6.1178136
892,1747486207190,2.3824869,-0.843461825,1.26385055,0.6460829,0.90920323,6.272277
893,1747486207200,3.11551285,-0.592448965,0.681285865,1.42638905,0.9126653,5.911685
894,1747486207210,3.6889253,-0.37975308,0.20866893,1.6772588,0.6956177,5.484514
895,1747486207220,3.875873,0.0019524579,-0.3568117,1.4365091,0.23009712,4.550277
896,1747486207230,3.564944,0.21891935,-0.7238738,0.598146,-0.31691617,3.7790256
897,1747486207240,3.00947,0.24991462,-0.71899265,-0.21358553,-0.3787015,3.8157773
898,1747486207250,2.8256948,0.28701133,-0.1483868,-1.3406353,1.03863285,5.419799
899,1747486207260,3.2862308,0.38536638,-0.01513155,-1.4152038,1.4391723,5.758287
900,1747486207270,3.905404,0.4729829,-0.14277348,-1.5456988,1.8642128,6.2424498
901,1747486207280,5.2045207,0.7499879,-0.5008055,-1.7912422,1.8152106,6.4480457
902,1747486207290,6.386002,1.5009521,-0.9288819,-2.1821942,1.4476944,5.8605523
903,1747486207300,7.483283,2.8598628,-1.1746475,-2.740393,0.9672601,4.7542753
904,1747486207310,7.3229375,3.3099046,-0.86982006,-3.8701057,1.5116103,2.2253375
905,1747486207320,7.028116,3.8207161,-0.29921418,-3.7960699,2.0676782,1.4705976
906,1747486207330,7.0613084,3.965198,-0.12471326,-3.459979,2.3776703,0.6556703
907,1747486207340,7.08669,3.8487828,0.13496366,-2.922553,2.4682178,-0.14753912
908,1747486207350,7.0151815,3.0031245,0.004148973,-2.20563,2.4160197,-2.1076257
909,1747486207360,6.614196,2.3539321,0.10592084,-1.9531624,2.2764702,-3.075951
910,1747486207370,5.976718,1.7040077,0.19426957,-1.6916399,2.1513016,-3.7657099
911,1747486207380,5.7382741,1.41357955,0.229047735,-1.4546186,1.9393139,-4.2418833
912,1747486207390,5.02074575,0.734734315,0.289085825,-1.32971635,1.51187655,-4.5950184
913,1747486207400,4.290038,0.107873306,0.3738957,-1.2080098,0.92518216,-5.0509515
914,1747486207410,4.180701,-0.010982576,0.40147418,-1.2767195,1.0801781,-5.172924
915,1747486207420,4.1143174,-0.10201593,0.43368974,-1.4045511,1.4173343,-5.4126086
916,1747486207430,3.91833935,-0.266022415,0.46383081,-1.58324925,1.88045815,-5.7457703
917,1747486207440,3.3081958,-0.56011134,0.65285313,-1.798699,2.7915256,-6.2104917
918,1747486207450,2.927955,-0.6382097,0.8969103,-1.577124,3.0583742,-6.149239
919,1747486207460,2.6119007,-0.57695132,1.2136967,-0.6114618199999999,3.00617625,-5.982525300000001
920,1747486207470,2.5543032,-0.5444917,1.2808125,-0.16085494,2.9129655,-5.939382
921,1747486207480,2.5308735,-0.5347294,1.1768441,1.2271847,2.4138892,-6.0469737
922,1747486207490,2.5533268,-0.55669457,1.0501783,1.7374463,2.1198764,-6.2190137
923,1747486207500,2.6691320000000003,-0.66676438,0.8798263500000001,2.25117,1.8477012,-6.66535965
924,1747486207510,2.7087913,-0.7243619,0.8366282,2.3904533,1.7859159,-6.829943
925,1747486207520,2.8361893,-0.9086252,0.861278,2.6908581,1.6591494,-7.2363415
926,1747486207530,2.8767028,-1.3574464,0.97549677,3.597398,1.1254519,-8.220646
927,1747486207540,2.8383858,-1.5871042,0.98403883,4.40034105,0.3169161715,-8.829711
928,1747486207550,2.5948166500000003,-1.81798235,0.900937285,4.8149953,-0.2620550685,-9.0443615
929,1747486207560,2.506956,-1.8655735,0.86323047,4.950284,-0.50600064,-9.078716
930,1747486207570,2.336848,-1.854103,0.5632841,4.8437576,-0.6609966,-8.7857685
931,1747486207580,2.3882221,-1.68741175,0.3372870999999999,4.2445463,-0.30679616,-8.495484000000001
932,1747486207590,2.4570463,-1.5756336,0.225997,3.7318877,0.002130535,-8.3231775
933,1747486207600,2.489872,-1.517304,0.191829,3.4637074,0.15180019,-8.246212
934,1747486207610,2.5730956,-1.3930788,0.22233616,2.9987195,0.26684874,-8.175372
935,1747486207620,2.7256315,-1.2556745,0.3743838,2.3686156,0.032490566,-8.258995
936,1747486207630,2.749305,-1.2258996,0.5130083,2.3196135,-0.1486044,-8.343684
937,1747486207640,2.792747,-1.228096,0.5845171,2.372344,-0.34408042,-8.473113
938,1747486207650,2.745156,-1.2429836,0.6040417,2.4517062,-0.51931643,-8.590825
939,1747486207660,2.63203535,-1.3063164500000002,0.57914787,2.4759408,-0.614923925,-8.493619500000001
940,1747486207670,2.6436281,-1.308391,0.58329684,2.4639566,-0.5997439,-8.46033
941,1747486207680,2.6306932,-1.2878901,0.6645679,2.514024,-0.5933523,-8.398012
942,1747486207690,2.5979896,-1.28264285,0.68104175,2.5699505,-0.6053365500000001,-8.3407545
943,1747486207700,2.5164742,-1.2883781,0.6960513,2.761698,-0.70147663,-8.107195
944,1747486207710,2.3395329,-1.2302926,0.5957437,2.9379995,-0.8133294,-7.8472705
945,1747486207720,2.14001595,-1.1526824,0.511788065,3.14253005,-0.76246305,-7.220895
946,1747486207730,2.0710697,-1.1233956,0.47664383,3.1590416,-0.7089335,-7.0904
947,1747486207740,2.0032218,-1.1243718,0.42478165,3.1372038,-0.62850602,-6.9617695
948,1747486207750,1.7659982,-1.1839217,0.34900185,3.0562437,-0.386691,-6.5385933
949,1747486207760,1.3584226,-1.3884417,0.40342662,3.0897996,-0.05273059,-6.0038304
950,1747486207770,1.1541467,-1.4953387,0.4166057,3.204848,0.023435818,-5.8546934
951,1747486207780,1.0011228,-1.5580615,0.2860351,3.281547,-0.16618125,-5.8616176
952,1747486207790,0.55889112,-1.67215815,-0.00866403,3.3577135,-0.5752428,-5.848302
953,1747486207800,0.4253918,-1.7374434,-0.13935669,3.2623725,-0.9347696,-5.651228
954,1747486207810,-0.302630985,-2.0963296,-0.696295325,1.8112159,-1.68471575,-4.8791773
955,1747486207820,-0.45516676,-2.1804073,-0.76121455,1.3938985,-1.7310548,-4.6786413
956,1747486207830,-0.78610843,-2.3998148,-0.8747012,0.39521313,-1.568602,-4.317517
957,1747486207840,-1.0494461,-2.5586963,-0.8710403,-0.71106404,-1.2511531,-3.9968722
958,1747486207850,-1.2690977,-2.7168453,-0.8085616,-1.8572886,-0.8367652,-3.7028592
959,1747486207860,-1.6119982,-3.1261294,-0.5400987,-4.0687776,0.44474792,-3.4386737
960,1747486207870,-1.9055991,-3.5095432,-0.35974038,-4.7739825,1.063134,-3.5856802
961,1747486207880,-2.16356755,-3.66195705,-0.2192854375,-4.9225869,1.2319784,-3.6104476
962,1747486207890,-3.5933768,-4.34007,0.44333,-4.923386000000001,1.211472,-3.2916671
963,1747486207900,-4.186802,-4.5472746,0.80368054,-4.759069,1.067395,-3.0855384
964,1747486207910,-4.546542,-4.582663,1.074096,-2.7696877,-0.008522116,-1.180313
965,1747486207920,-4.5294585,-4.5484953,1.1412116,-1.540905,-0.54435015,0.030360037
966,1747486207930,-4.327867,-4.410115,1.0157663,-0.44581318,-0.69029135,1.2713932
967,1747486207940,-4.0381713,-4.2131605,0.78537625,0.3190467,-0.39894155,2.5145566
968,1747486207950,-3.6183927,-3.9900918,0.5137405,0.82078624,0.29987195,3.9004657
969,1747486207960,-2.5037832,-3.5190616,0.14594623,1.1318434,1.5606124,5.586247
970,1747486207970,-1.8880268,-3.296237,0.012446919,1.2895026,2.0335898,6.0794644
971,1747486207980,-1.2224828,-3.0931816,-0.19329333,1.4413028,2.3329291,6.2909193
972,1747486207990,-0.70971847,-2.8369215,-0.49177536,1.536644,2.4240093,6.305833
973,1747486208000,-0.2933568,-2.5247722,-0.9196077,1.5227956,1.9526298,6.550311
974,1747486208010,-0.010494465,-2.3934694,-1.0772686500000002,1.2972258,1.2487563000000002,7.1476582
975,1747486208020,0.12422514,-2.3778498,-1.1141213,1.1867046,1.0258497,7.3870764
976,1747486208030,1.0357789,-2.2563093,-1.0950848,0.7669904,0.74461985,7.967113
977,1747486208040,1.0357789,-2.2563093,-1.0950848,0.30040458,0.72437984,8.335162
978,1747486208050,1.8958366,-2.1877291,-0.79318607,-0.19813919,0.75420725,8.637697
979,1747486208060,2.3130525000000004,-2.10535995,-0.39769126,-1.0245181,0.73503248,9.294432
980,1747486208070,2.417387,-2.0730224,-0.23331872,-1.0753845,0.7318367,9.435047
981,1747486208080,2.417387,-2.0730224,-0.23331872,-1.0753845,0.7318367,9.435047
982,1747486208090,2.6463127,-1.9068193,0.200371,-0.6828345,0.7233146,9.980463
983,1747486208100,3.1286919,-1.7315862,0.398667515,0.5603290949999999,0.35499938,9.7445065
984,1747486208110,3.2293656,-1.6891203,0.39268813,0.77604514,0.27803403,9.585782
985,1747486208120,3.320887,-1.44250045,0.220871805,1.1502193,0.0258326605,8.808938
986,1747486208130,3.2552357,-1.3191295,0.13618395,1.226652,-0.053263225,8.530638
987,1747486208140,3.115635,-1.2710502,0.09176553,1.067395,-0.20985709,7.759919
988,1747486208150,2.9987314,-1.2097918,0.044662476,0.7504788,-0.08522116,7.5330176
989,1747486208160,2.9131894000000003,-1.1438963,0.093840012,0.0348874099999999,0.36964676,7.13301085
990,1747486208170,2.73197675,-1.06677425,0.34119205,-0.57817227,1.0660634,6.6568377000000005
991,1747486208180,2.5894473,-1.014546,0.5527897,-0.9374327,1.5616777,6.337791
992,1747486208190,2.47974365,-0.9880658,0.637477525,-0.9374327,1.7939054,6.140717
993,1747486208200,2.1674724,-0.9545079,0.8110022,-0.8330368,1.9201392,6.016081
994,1747486208210,2.0415387,-0.9776934,0.86664724,-0.66525763,1.929194,5.9574914
995,1747486208220,1.94416,-1.0042956,0.88226694,-0.4910869,1.8455707,5.9473715
996,1747486208230,1.9119445,-0.9896521,0.8395569,-0.25832662,1.603223,5.7811904
997,1747486208240,1.91792385,-0.97330028,0.823205065,-0.225303425,1.5701998,5.6914417
998,1747486208250,1.8871726,-0.95499598,0.775369865,-0.200802345,1.5715314,5.538043500000001
999,1747486208260,1.7833264,-0.9447456,0.7192367,-0.34194988,1.7923075,5.4376426
1000,1747486208270,1.7784452,-0.94572186,0.68409246,-0.505468,1.9979035,5.4056845
